timestamp_iso,epoch,label,pid,cpu_percent,rss_mb
2026-07-07 11:25:02,1783419902.876,roscore,5544,0.0,3.9
2026-07-07 11:25:02,1783419902.876,roscore,5624,0.5,3.7
2026-07-07 11:25:02,1783419902.876,roscore,5915,0.5,43.2
2026-07-07 11:25:02,1783419902.876,rs_t265,5985,0.0,43.8
2026-07-07 11:25:02,1783419902.876,rs_t265,5999,7.4,87.6
2026-07-07 11:25:02,1783419902.876,rs_t265,6000,0.5,14.3
2026-07-07 11:25:02,1783419902.876,cam_capture_node,6080,2.5,84.7
2026-07-07 11:25:04,1783419904.902,roscore,5544,0.0,3.9
2026-07-07 11:25:04,1783419904.902,roscore,5624,0.0,3.7
2026-07-07 11:25:04,1783419904.902,roscore,5915,0.0,43.2
2026-07-07 11:25:04,1783419904.902,rs_t265,5985,0.0,43.8
2026-07-07 11:25:04,1783419904.902,rs_t265,5999,7.4,87.6
2026-07-07 11:25:04,1783419904.902,rs_t265,6000,0.0,14.3
2026-07-07 11:25:04,1783419904.902,cam_capture_node,6080,1.5,84.7
2026-07-07 11:25:06,1783419906.929,roscore,5544,0.0,3.9
2026-07-07 11:25:06,1783419906.929,roscore,5624,0.0,3.7
2026-07-07 11:25:06,1783419906.929,roscore,5915,0.5,43.2
2026-07-07 11:25:06,1783419906.929,rs_t265,5985,0.5,43.8
2026-07-07 11:25:06,1783419906.929,rs_t265,5999,7.9,87.6
2026-07-07 11:25:06,1783419906.929,rs_t265,6000,0.5,14.3
2026-07-07 11:25:06,1783419906.929,cam_capture_node,6080,2.5,84.7
2026-07-07 11:25:08,1783419908.954,roscore,5544,0.0,3.9
2026-07-07 11:25:08,1783419908.954,roscore,5624,0.0,3.7
2026-07-07 11:25:08,1783419908.954,roscore,5915,0.5,43.2
2026-07-07 11:25:08,1783419908.954,rs_t265,5985,0.5,43.8
2026-07-07 11:25:08,1783419908.954,rs_t265,5999,8.4,87.6
2026-07-07 11:25:08,1783419908.954,rs_t265,6000,0.5,14.3
2026-07-07 11:25:08,1783419908.954,cam_capture_node,6080,2.0,84.7
2026-07-07 11:25:10,1783419910.979,roscore,5544,0.0,3.9
2026-07-07 11:25:10,1783419910.979,roscore,5624,0.0,3.7
2026-07-07 11:25:10,1783419910.979,roscore,5915,0.5,43.2
2026-07-07 11:25:10,1783419910.979,rs_t265,5985,0.5,43.8
2026-07-07 11:25:10,1783419910.979,rs_t265,5999,8.4,87.6
2026-07-07 11:25:10,1783419910.979,rs_t265,6000,0.0,14.3
2026-07-07 11:25:10,1783419910.979,cam_capture_node,6080,2.0,84.7
2026-07-07 11:25:13,1783419913.009,roscore,5544,0.0,3.9
2026-07-07 11:25:13,1783419913.009,roscore,5624,0.5,3.7
2026-07-07 11:25:13,1783419913.009,roscore,5915,0.5,43.2
2026-07-07 11:25:13,1783419913.009,rs_t265,5985,0.5,43.8
2026-07-07 11:25:13,1783419913.009,rs_t265,5999,7.4,87.6
2026-07-07 11:25:13,1783419913.009,rs_t265,6000,0.5,14.3
2026-07-07 11:25:13,1783419913.009,cam_capture_node,6080,2.5,84.7
2026-07-07 11:25:15,1783419915.039,roscore,5544,0.0,3.9
2026-07-07 11:25:15,1783419915.039,roscore,5624,0.0,3.7
2026-07-07 11:25:15,1783419915.039,roscore,5915,0.0,43.2
2026-07-07 11:25:15,1783419915.039,rs_t265,5985,0.5,43.8
2026-07-07 11:25:15,1783419915.039,rs_t265,5999,5.9,87.6
2026-07-07 11:25:15,1783419915.039,rs_t265,6000,0.5,14.3
2026-07-07 11:25:15,1783419915.039,cam_capture_node,6080,1.5,84.7
2026-07-07 11:25:17,1783419917.067,roscore,5544,0.0,3.9
2026-07-07 11:25:17,1783419917.067,roscore,5624,0.0,3.7
2026-07-07 11:25:17,1783419917.067,roscore,5915,0.5,43.2
2026-07-07 11:25:17,1783419917.067,rs_t265,5985,0.0,43.8
2026-07-07 11:25:17,1783419917.067,rs_t265,5999,7.8,87.6
2026-07-07 11:25:17,1783419917.067,rs_t265,6000,0.0,14.3
2026-07-07 11:25:17,1783419917.067,cam_capture_node,6080,2.0,84.7
2026-07-07 11:25:19,1783419919.108,roscore,5544,0.0,3.9
2026-07-07 11:25:19,1783419919.108,roscore,5624,0.0,3.7
2026-07-07 11:25:19,1783419919.108,roscore,5915,0.0,43.2
2026-07-07 11:25:19,1783419919.108,rs_t265,5985,0.5,43.8
2026-07-07 11:25:19,1783419919.108,rs_t265,5999,7.9,87.6
2026-07-07 11:25:19,1783419919.108,rs_t265,6000,0.5,14.3
2026-07-07 11:25:19,1783419919.108,cam_capture_node,6080,2.5,84.7
2026-07-07 11:25:21,1783419921.135,roscore,5544,0.0,3.9
2026-07-07 11:25:21,1783419921.135,roscore,5624,0.0,3.7
2026-07-07 11:25:21,1783419921.135,roscore,5915,0.5,43.2
2026-07-07 11:25:21,1783419921.135,rs_t265,5985,0.0,43.8
2026-07-07 11:25:21,1783419921.135,rs_t265,5999,8.4,87.6
2026-07-07 11:25:21,1783419921.135,rs_t265,6000,0.5,14.3
2026-07-07 11:25:21,1783419921.135,cam_capture_node,6080,1.5,84.7
2026-07-07 11:25:23,1783419923.167,roscore,5544,0.0,3.9
2026-07-07 11:25:23,1783419923.167,roscore,5624,0.0,3.7
2026-07-07 11:25:23,1783419923.167,roscore,5915,0.5,43.2
2026-07-07 11:25:23,1783419923.167,rs_t265,5985,0.5,43.8
2026-07-07 11:25:23,1783419923.167,rs_t265,5999,8.4,87.6
2026-07-07 11:25:23,1783419923.167,rs_t265,6000,0.0,14.3
2026-07-07 11:25:23,1783419923.167,cam_capture_node,6080,2.0,84.7
2026-07-07 11:25:25,1783419925.183,roscore,5544,0.0,3.9
2026-07-07 11:25:25,1783419925.183,roscore,5624,0.5,3.7
2026-07-07 11:25:25,1783419925.183,roscore,5915,0.0,43.2
2026-07-07 11:25:25,1783419925.183,rs_t265,5985,0.0,43.8
2026-07-07 11:25:25,1783419925.183,rs_t265,5999,7.4,87.6
2026-07-07 11:25:25,1783419925.183,rs_t265,6000,0.5,14.3
2026-07-07 11:25:25,1783419925.183,cam_capture_node,6080,1.0,84.7
2026-07-07 11:25:27,1783419927.210,roscore,5544,0.0,3.9
2026-07-07 11:25:27,1783419927.210,roscore,5624,0.5,3.7
2026-07-07 11:25:27,1783419927.210,roscore,5915,0.5,43.2
2026-07-07 11:25:27,1783419927.210,rs_t265,5985,1.0,43.8
2026-07-07 11:25:27,1783419927.210,rs_t265,5999,6.9,87.6
2026-07-07 11:25:27,1783419927.210,rs_t265,6000,0.5,14.3
2026-07-07 11:25:27,1783419927.210,cam_capture_node,6080,2.0,84.7
2026-07-07 11:25:29,1783419929.236,roscore,5544,0.0,3.9
2026-07-07 11:25:29,1783419929.236,roscore,5624,0.0,3.7
2026-07-07 11:25:29,1783419929.236,roscore,5915,0.0,43.2
2026-07-07 11:25:29,1783419929.236,rs_t265,5985,0.0,43.8
2026-07-07 11:25:29,1783419929.236,rs_t265,5999,7.4,87.6
2026-07-07 11:25:29,1783419929.236,rs_t265,6000,0.0,14.3
2026-07-07 11:25:29,1783419929.236,cam_capture_node,6080,1.5,84.7
2026-07-07 11:25:31,1783419931.263,roscore,5544,0.0,3.9
2026-07-07 11:25:31,1783419931.263,roscore,5624,0.0,3.7
2026-07-07 11:25:31,1783419931.263,roscore,5915,0.5,43.2
2026-07-07 11:25:31,1783419931.263,rs_t265,5985,0.5,43.8
2026-07-07 11:25:31,1783419931.263,rs_t265,5999,7.4,87.6
2026-07-07 11:25:31,1783419931.263,rs_t265,6000,0.0,14.3
2026-07-07 11:25:31,1783419931.263,cam_capture_node,6080,2.0,84.7
2026-07-07 11:25:33,1783419933.277,roscore,5544,0.0,3.9
2026-07-07 11:25:33,1783419933.277,roscore,5624,0.0,3.7
2026-07-07 11:25:33,1783419933.277,roscore,5915,0.0,43.2
2026-07-07 11:25:33,1783419933.277,rs_t265,5985,0.5,43.8
2026-07-07 11:25:33,1783419933.277,rs_t265,5999,6.9,87.6
2026-07-07 11:25:33,1783419933.277,rs_t265,6000,1.0,14.3
2026-07-07 11:25:33,1783419933.277,cam_capture_node,6080,2.0,84.7
2026-07-07 11:25:35,1783419935.305,roscore,5544,0.0,3.9
2026-07-07 11:25:35,1783419935.305,roscore,5624,0.0,3.7
2026-07-07 11:25:35,1783419935.305,roscore,5915,0.5,43.2
2026-07-07 11:25:35,1783419935.305,rs_t265,5985,0.0,43.8
2026-07-07 11:25:35,1783419935.305,rs_t265,5999,7.4,87.6
2026-07-07 11:25:35,1783419935.305,rs_t265,6000,0.0,14.3
2026-07-07 11:25:35,1783419935.305,cam_capture_node,6080,1.5,84.7
2026-07-07 11:25:37,1783419937.333,roscore,5544,0.0,3.9
2026-07-07 11:25:37,1783419937.333,roscore,5624,0.0,3.7
2026-07-07 11:25:37,1783419937.333,roscore,5915,0.0,43.2
2026-07-07 11:25:37,1783419937.333,rs_t265,5985,0.5,43.8
2026-07-07 11:25:37,1783419937.333,rs_t265,5999,6.9,87.6
2026-07-07 11:25:37,1783419937.333,rs_t265,6000,0.0,14.3
2026-07-07 11:25:37,1783419937.333,cam_capture_node,6080,1.5,84.7
2026-07-07 11:25:39,1783419939.349,roscore,5544,0.0,3.9
2026-07-07 11:25:39,1783419939.349,roscore,5624,0.5,3.7
2026-07-07 11:25:39,1783419939.349,roscore,5915,0.5,43.2
2026-07-07 11:25:39,1783419939.349,rs_t265,5985,0.0,43.8
2026-07-07 11:25:39,1783419939.349,rs_t265,5999,7.4,87.6
2026-07-07 11:25:39,1783419939.349,rs_t265,6000,1.0,14.3
2026-07-07 11:25:39,1783419939.349,cam_capture_node,6080,2.0,84.7
2026-07-07 11:25:41,1783419941.375,roscore,5544,0.0,3.9
2026-07-07 11:25:41,1783419941.375,roscore,5624,0.0,3.7
2026-07-07 11:25:41,1783419941.375,roscore,5915,0.0,43.2
2026-07-07 11:25:41,1783419941.375,rs_t265,5985,0.5,43.8
2026-07-07 11:25:41,1783419941.375,rs_t265,5999,6.9,87.6
2026-07-07 11:25:41,1783419941.375,rs_t265,6000,0.0,14.3
2026-07-07 11:25:41,1783419941.375,cam_capture_node,6080,2.0,84.7
2026-07-07 11:25:43,1783419943.401,roscore,5544,0.0,3.9
2026-07-07 11:25:43,1783419943.401,roscore,5624,0.0,3.7
2026-07-07 11:25:43,1783419943.401,roscore,5915,1.0,43.2
2026-07-07 11:25:43,1783419943.401,rs_t265,5985,0.0,43.8
2026-07-07 11:25:43,1783419943.401,rs_t265,5999,7.4,87.6
2026-07-07 11:25:43,1783419943.401,rs_t265,6000,0.0,14.3
2026-07-07 11:25:43,1783419943.401,cam_capture_node,6080,1.5,84.7
2026-07-07 11:25:45,1783419945.427,roscore,5544,0.0,3.9
2026-07-07 11:25:45,1783419945.427,roscore,5624,0.0,3.7
2026-07-07 11:25:45,1783419945.427,roscore,5915,0.5,43.2
2026-07-07 11:25:45,1783419945.427,rs_t265,5985,1.0,43.8
2026-07-07 11:25:45,1783419945.427,rs_t265,5999,8.4,87.6
2026-07-07 11:25:45,1783419945.427,rs_t265,6000,0.5,14.3
2026-07-07 11:25:45,1783419945.427,cam_capture_node,6080,2.5,84.7
2026-07-07 11:25:47,1783419947.453,roscore,5544,0.0,3.9
2026-07-07 11:25:47,1783419947.453,roscore,5624,0.0,3.7
2026-07-07 11:25:47,1783419947.453,roscore,5915,0.0,43.2
2026-07-07 11:25:47,1783419947.453,rs_t265,5985,0.5,43.8
2026-07-07 11:25:47,1783419947.453,rs_t265,5999,6.9,87.6
2026-07-07 11:25:47,1783419947.453,rs_t265,6000,0.0,14.3
2026-07-07 11:25:47,1783419947.453,cam_capture_node,6080,1.5,84.7
2026-07-07 11:25:49,1783419949.479,roscore,5544,0.0,3.9
2026-07-07 11:25:49,1783419949.479,roscore,5624,0.5,3.7
2026-07-07 11:25:49,1783419949.479,roscore,5915,0.5,43.2
2026-07-07 11:25:49,1783419949.479,rs_t265,5985,0.0,43.8
2026-07-07 11:25:49,1783419949.479,rs_t265,5999,6.4,87.6
2026-07-07 11:25:49,1783419949.479,rs_t265,6000,1.0,14.3
2026-07-07 11:25:49,1783419949.479,cam_capture_node,6080,2.5,84.7
2026-07-07 11:25:51,1783419951.505,roscore,5544,0.0,3.9
2026-07-07 11:25:51,1783419951.505,roscore,5624,0.5,3.7
2026-07-07 11:25:51,1783419951.505,roscore,5915,0.0,43.2
2026-07-07 11:25:51,1783419951.505,rs_t265,5985,0.5,43.8
2026-07-07 11:25:51,1783419951.505,rs_t265,5999,6.4,87.6
2026-07-07 11:25:51,1783419951.505,rs_t265,6000,0.0,14.3
2026-07-07 11:25:51,1783419951.505,cam_capture_node,6080,1.0,84.7
2026-07-07 11:25:53,1783419953.544,roscore,5544,0.0,3.9
2026-07-07 11:25:53,1783419953.544,roscore,5624,0.0,3.7
2026-07-07 11:25:53,1783419953.544,roscore,5915,0.5,43.2
2026-07-07 11:25:53,1783419953.544,rs_t265,5985,0.0,43.8
2026-07-07 11:25:53,1783419953.544,rs_t265,5999,6.9,87.6
2026-07-07 11:25:53,1783419953.544,rs_t265,6000,0.0,14.3
2026-07-07 11:25:53,1783419953.544,cam_capture_node,6080,2.0,84.7
2026-07-07 11:25:55,1783419955.572,roscore,5544,0.0,3.9
2026-07-07 11:25:55,1783419955.572,roscore,5624,0.0,3.7
2026-07-07 11:25:55,1783419955.572,roscore,5915,0.0,43.2
2026-07-07 11:25:55,1783419955.572,rs_t265,5985,0.5,43.8
2026-07-07 11:25:55,1783419955.572,rs_t265,5999,6.9,87.6
2026-07-07 11:25:55,1783419955.572,rs_t265,6000,0.5,14.3
2026-07-07 11:25:55,1783419955.572,cam_capture_node,6080,2.0,84.7
2026-07-07 11:25:57,1783419957.599,roscore,5544,0.0,3.9
2026-07-07 11:25:57,1783419957.599,roscore,5624,0.0,3.7
2026-07-07 11:25:57,1783419957.599,roscore,5915,0.0,43.2
2026-07-07 11:25:57,1783419957.599,rs_t265,5985,0.5,43.8
2026-07-07 11:25:57,1783419957.599,rs_t265,5999,5.9,87.6
2026-07-07 11:25:57,1783419957.599,rs_t265,6000,0.5,14.3
2026-07-07 11:25:57,1783419957.599,cam_capture_node,6080,1.5,84.7
2026-07-07 11:25:59,1783419959.627,roscore,5544,0.0,3.9
2026-07-07 11:25:59,1783419959.627,roscore,5624,0.0,3.7
2026-07-07 11:25:59,1783419959.627,roscore,5915,1.0,43.2
2026-07-07 11:25:59,1783419959.627,rs_t265,5985,0.0,43.8
2026-07-07 11:25:59,1783419959.627,rs_t265,5999,6.9,87.6
2026-07-07 11:25:59,1783419959.627,rs_t265,6000,0.0,14.3
2026-07-07 11:25:59,1783419959.627,cam_capture_node,6080,2.0,84.7
2026-07-07 11:26:01,1783419961.642,roscore,5544,0.0,3.9
2026-07-07 11:26:01,1783419961.642,roscore,5624,0.0,3.7
2026-07-07 11:26:01,1783419961.642,roscore,5915,0.0,43.2
2026-07-07 11:26:01,1783419961.642,rs_t265,5985,0.0,43.8
2026-07-07 11:26:01,1783419961.642,rs_t265,5999,6.9,87.6
2026-07-07 11:26:01,1783419961.642,rs_t265,6000,0.5,14.3
2026-07-07 11:26:01,1783419961.642,cam_capture_node,6080,1.5,84.7
2026-07-07 11:26:03,1783419963.669,roscore,5544,0.0,3.9
2026-07-07 11:26:03,1783419963.669,roscore,5624,0.0,3.7
2026-07-07 11:26:03,1783419963.669,roscore,5915,0.5,43.2
2026-07-07 11:26:03,1783419963.669,rs_t265,5985,1.0,43.8
2026-07-07 11:26:03,1783419963.669,rs_t265,5999,7.4,87.6
2026-07-07 11:26:03,1783419963.669,rs_t265,6000,0.5,14.3
2026-07-07 11:26:03,1783419963.669,cam_capture_node,6080,2.0,84.7
2026-07-07 11:26:05,1783419965.685,roscore,5544,0.0,3.9
2026-07-07 11:26:05,1783419965.685,roscore,5624,0.0,3.7
2026-07-07 11:26:05,1783419965.685,roscore,5915,0.0,43.2
2026-07-07 11:26:05,1783419965.685,rs_t265,5985,0.0,43.8
2026-07-07 11:26:05,1783419965.685,rs_t265,5999,6.4,87.6
2026-07-07 11:26:05,1783419965.685,rs_t265,6000,0.0,14.3
2026-07-07 11:26:05,1783419965.685,cam_capture_node,6080,1.5,84.7
2026-07-07 11:26:07,1783419967.701,roscore,5544,0.0,3.9
2026-07-07 11:26:07,1783419967.701,roscore,5624,0.5,3.7
2026-07-07 11:26:07,1783419967.701,roscore,5915,0.5,43.2
2026-07-07 11:26:07,1783419967.701,rs_t265,5985,0.5,43.8
2026-07-07 11:26:07,1783419967.701,rs_t265,5999,7.9,87.6
2026-07-07 11:26:07,1783419967.701,rs_t265,6000,0.0,14.3
2026-07-07 11:26:07,1783419967.701,cam_capture_node,6080,1.5,84.7
2026-07-07 11:26:09,1783419969.717,roscore,5544,0.0,3.9
2026-07-07 11:26:09,1783419969.717,roscore,5624,0.5,3.7
2026-07-07 11:26:09,1783419969.717,roscore,5915,0.5,43.2
2026-07-07 11:26:09,1783419969.717,rs_t265,5985,0.0,43.8
2026-07-07 11:26:09,1783419969.717,rs_t265,5999,6.5,87.6
2026-07-07 11:26:09,1783419969.717,rs_t265,6000,0.5,14.3
2026-07-07 11:26:09,1783419969.717,cam_capture_node,6080,1.5,84.7
2026-07-07 11:26:11,1783419971.733,roscore,5544,0.0,3.9
2026-07-07 11:26:11,1783419971.733,roscore,5624,0.0,3.7
2026-07-07 11:26:11,1783419971.733,roscore,5915,0.0,43.2
2026-07-07 11:26:11,1783419971.733,rs_t265,5985,0.5,43.8
2026-07-07 11:26:11,1783419971.733,rs_t265,5999,6.9,87.6
2026-07-07 11:26:11,1783419971.733,rs_t265,6000,0.5,14.3
2026-07-07 11:26:11,1783419971.733,cam_capture_node,6080,2.0,84.7
2026-07-07 11:26:13,1783419973.748,roscore,5544,0.0,3.9
2026-07-07 11:26:13,1783419973.748,roscore,5624,0.0,3.7
2026-07-07 11:26:13,1783419973.748,roscore,5915,0.5,43.2
2026-07-07 11:26:13,1783419973.748,rs_t265,5985,0.5,43.8
2026-07-07 11:26:13,1783419973.748,rs_t265,5999,7.4,87.6
2026-07-07 11:26:13,1783419973.748,rs_t265,6000,0.0,14.3
2026-07-07 11:26:13,1783419973.748,cam_capture_node,6080,2.0,84.7
2026-07-07 11:26:15,1783419975.764,roscore,5544,0.0,3.9
2026-07-07 11:26:15,1783419975.764,roscore,5624,0.0,3.7
2026-07-07 11:26:15,1783419975.764,roscore,5915,0.0,43.2
2026-07-07 11:26:15,1783419975.764,rs_t265,5985,0.0,43.8
2026-07-07 11:26:15,1783419975.764,rs_t265,5999,7.4,87.6
2026-07-07 11:26:15,1783419975.764,rs_t265,6000,0.5,14.3
2026-07-07 11:26:15,1783419975.764,cam_capture_node,6080,1.5,84.7
2026-07-07 11:26:17,1783419977.779,roscore,5544,0.0,3.9
2026-07-07 11:26:17,1783419977.779,roscore,5624,0.0,3.7
2026-07-07 11:26:17,1783419977.779,roscore,5915,0.5,43.2
2026-07-07 11:26:17,1783419977.779,rs_t265,5985,0.5,43.8
2026-07-07 11:26:17,1783419977.779,rs_t265,5999,7.0,87.6
2026-07-07 11:26:17,1783419977.779,rs_t265,6000,0.5,14.3
2026-07-07 11:26:17,1783419977.779,cam_capture_node,6080,2.0,84.7
2026-07-07 11:26:19,1783419979.794,roscore,5544,0.0,3.9
2026-07-07 11:26:19,1783419979.794,roscore,5624,0.5,3.7
2026-07-07 11:26:19,1783419979.794,roscore,5915,0.5,43.2
2026-07-07 11:26:19,1783419979.794,rs_t265,5985,0.0,43.8
2026-07-07 11:26:19,1783419979.794,rs_t265,5999,6.9,87.6
2026-07-07 11:26:19,1783419979.794,rs_t265,6000,0.5,14.3
2026-07-07 11:26:19,1783419979.794,cam_capture_node,6080,2.0,84.7
2026-07-07 11:26:21,1783419981.809,roscore,5544,0.0,3.9
2026-07-07 11:26:21,1783419981.809,roscore,5624,0.0,3.7
2026-07-07 11:26:21,1783419981.809,roscore,5915,0.0,43.2
2026-07-07 11:26:21,1783419981.809,rs_t265,5985,0.5,43.8
2026-07-07 11:26:21,1783419981.809,rs_t265,5999,6.9,87.6
2026-07-07 11:26:21,1783419981.809,rs_t265,6000,0.0,14.3
2026-07-07 11:26:21,1783419981.809,cam_capture_node,6080,2.0,84.7
2026-07-07 11:26:23,1783419983.825,roscore,5544,0.0,3.9
2026-07-07 11:26:23,1783419983.825,roscore,5624,0.0,3.7
2026-07-07 11:26:23,1783419983.825,roscore,5915,0.5,43.2
2026-07-07 11:26:23,1783419983.825,rs_t265,5985,0.5,43.8
2026-07-07 11:26:23,1783419983.825,rs_t265,5999,6.9,87.6
2026-07-07 11:26:23,1783419983.825,rs_t265,6000,0.5,14.3
2026-07-07 11:26:23,1783419983.825,cam_capture_node,6080,2.0,84.7
2026-07-07 11:26:25,1783419985.853,roscore,5544,0.0,3.9
2026-07-07 11:26:25,1783419985.853,roscore,5624,0.0,3.7
2026-07-07 11:26:25,1783419985.853,roscore,5915,0.5,43.2
2026-07-07 11:26:25,1783419985.853,rs_t265,5985,0.0,43.8
2026-07-07 11:26:25,1783419985.853,rs_t265,5999,6.4,87.6
2026-07-07 11:26:25,1783419985.853,rs_t265,6000,0.5,14.3
2026-07-07 11:26:25,1783419985.853,cam_capture_node,6080,1.5,84.7
2026-07-07 11:26:27,1783419987.879,roscore,5544,0.0,3.9
2026-07-07 11:26:27,1783419987.879,roscore,5624,0.0,3.7
2026-07-07 11:26:27,1783419987.879,roscore,5915,0.5,43.2
2026-07-07 11:26:27,1783419987.879,rs_t265,5985,0.5,43.8
2026-07-07 11:26:27,1783419987.879,rs_t265,5999,6.9,87.6
2026-07-07 11:26:27,1783419987.879,rs_t265,6000,0.0,14.3
2026-07-07 11:26:27,1783419987.879,cam_capture_node,6080,2.0,84.7
2026-07-07 11:26:29,1783419989.905,roscore,5544,0.0,3.9
2026-07-07 11:26:29,1783419989.905,roscore,5624,0.0,3.7
2026-07-07 11:26:29,1783419989.905,roscore,5915,0.0,43.2
2026-07-07 11:26:29,1783419989.905,rs_t265,5985,0.5,43.8
2026-07-07 11:26:29,1783419989.905,rs_t265,5999,6.5,87.6
2026-07-07 11:26:29,1783419989.905,rs_t265,6000,0.5,14.3
2026-07-07 11:26:29,1783419989.905,cam_capture_node,6080,2.0,84.7
2026-07-07 11:26:31,1783419991.920,roscore,5544,0.0,3.9
2026-07-07 11:26:31,1783419991.920,roscore,5624,0.0,3.7
2026-07-07 11:26:31,1783419991.920,roscore,5915,0.5,43.2
2026-07-07 11:26:31,1783419991.920,rs_t265,5985,0.5,43.8
2026-07-07 11:26:31,1783419991.920,rs_t265,5999,6.9,87.6
2026-07-07 11:26:31,1783419991.920,rs_t265,6000,0.5,14.3
2026-07-07 11:26:31,1783419991.920,cam_capture_node,6080,1.5,84.7
2026-07-07 11:26:33,1783419993.946,roscore,5544,0.0,3.9
2026-07-07 11:26:33,1783419993.946,roscore,5624,1.0,3.7
2026-07-07 11:26:33,1783419993.946,roscore,5915,0.0,43.2
2026-07-07 11:26:33,1783419993.946,rs_t265,5985,0.0,43.8
2026-07-07 11:26:33,1783419993.946,rs_t265,5999,7.9,87.6
2026-07-07 11:26:33,1783419993.946,rs_t265,6000,0.0,14.3
2026-07-07 11:26:33,1783419993.946,cam_capture_node,6080,2.0,84.7
2026-07-07 11:26:35,1783419995.973,roscore,5544,0.0,3.9
2026-07-07 11:26:35,1783419995.973,roscore,5624,0.0,3.7
2026-07-07 11:26:35,1783419995.973,roscore,5915,0.5,43.2
2026-07-07 11:26:35,1783419995.973,rs_t265,5985,0.5,43.8
2026-07-07 11:26:35,1783419995.973,rs_t265,5999,6.9,87.6
2026-07-07 11:26:35,1783419995.973,rs_t265,6000,1.0,14.3
2026-07-07 11:26:35,1783419995.973,cam_capture_node,6080,1.5,84.7
2026-07-07 11:26:37,1783419997.999,roscore,5544,0.0,3.9
2026-07-07 11:26:37,1783419997.999,roscore,5624,0.0,3.7
2026-07-07 11:26:37,1783419997.999,roscore,5915,0.5,43.2
2026-07-07 11:26:37,1783419997.999,rs_t265,5985,0.5,43.8
2026-07-07 11:26:37,1783419997.999,rs_t265,5999,6.9,87.6
2026-07-07 11:26:37,1783419997.999,rs_t265,6000,0.0,14.3
2026-07-07 11:26:37,1783419997.999,cam_capture_node,6080,1.5,84.7
2026-07-07 11:26:40,1783420000.014,roscore,5544,0.0,3.9
2026-07-07 11:26:40,1783420000.014,roscore,5624,0.0,3.7
2026-07-07 11:26:40,1783420000.014,roscore,5915,0.0,43.2
2026-07-07 11:26:40,1783420000.014,rs_t265,5985,0.0,43.8
2026-07-07 11:26:40,1783420000.014,rs_t265,5999,6.9,87.6
2026-07-07 11:26:40,1783420000.014,rs_t265,6000,0.0,14.3
2026-07-07 11:26:40,1783420000.014,cam_capture_node,6080,2.0,84.7
2026-07-07 11:26:42,1783420002.052,roscore,5544,0.0,3.9
2026-07-07 11:26:42,1783420002.052,roscore,5624,0.0,3.7
2026-07-07 11:26:42,1783420002.052,roscore,5915,0.5,43.2
2026-07-07 11:26:42,1783420002.052,rs_t265,5985,0.0,43.8
2026-07-07 11:26:42,1783420002.052,rs_t265,5999,6.4,87.6
2026-07-07 11:26:42,1783420002.052,rs_t265,6000,0.5,14.3
2026-07-07 11:26:42,1783420002.052,cam_capture_node,6080,1.5,84.7
2026-07-07 11:26:44,1783420004.079,roscore,5544,0.0,3.9
2026-07-07 11:26:44,1783420004.079,roscore,5624,0.0,3.7
2026-07-07 11:26:44,1783420004.079,roscore,5915,0.5,43.2
2026-07-07 11:26:44,1783420004.079,rs_t265,5985,1.0,43.8
2026-07-07 11:26:44,1783420004.079,rs_t265,5999,7.9,87.6
2026-07-07 11:26:44,1783420004.079,rs_t265,6000,0.5,14.3
2026-07-07 11:26:44,1783420004.079,cam_capture_node,6080,2.5,84.7
2026-07-07 11:26:46,1783420006.106,roscore,5544,0.0,3.9
2026-07-07 11:26:46,1783420006.106,roscore,5624,0.0,3.7
2026-07-07 11:26:46,1783420006.106,roscore,5915,0.0,43.2
2026-07-07 11:26:46,1783420006.106,rs_t265,5985,0.0,43.8
2026-07-07 11:26:46,1783420006.106,rs_t265,5999,5.4,87.6
2026-07-07 11:26:46,1783420006.106,rs_t265,6000,0.0,14.3
2026-07-07 11:26:46,1783420006.106,cam_capture_node,6080,1.5,84.7
2026-07-07 11:26:48,1783420008.133,roscore,5544,0.0,3.9
2026-07-07 11:26:48,1783420008.133,roscore,5624,0.0,3.7
2026-07-07 11:26:48,1783420008.133,roscore,5915,0.5,43.2
2026-07-07 11:26:48,1783420008.133,rs_t265,5985,0.5,43.8
2026-07-07 11:26:48,1783420008.133,rs_t265,5999,7.4,87.6
2026-07-07 11:26:48,1783420008.133,rs_t265,6000,0.0,14.3
2026-07-07 11:26:48,1783420008.133,cam_capture_node,6080,1.5,84.7
2026-07-07 11:26:50,1783420010.160,roscore,5544,0.0,3.9
2026-07-07 11:26:50,1783420010.160,roscore,5624,0.5,3.7
2026-07-07 11:26:50,1783420010.160,roscore,5915,0.0,43.2
2026-07-07 11:26:50,1783420010.160,rs_t265,5985,0.5,43.8
2026-07-07 11:26:50,1783420010.160,rs_t265,5999,6.9,87.6
2026-07-07 11:26:50,1783420010.160,rs_t265,6000,1.0,14.3
2026-07-07 11:26:50,1783420010.160,cam_capture_node,6080,2.0,84.7
2026-07-07 11:26:52,1783420012.193,roscore,5544,0.0,3.9
2026-07-07 11:26:52,1783420012.193,roscore,5624,0.5,3.7
2026-07-07 11:26:52,1783420012.193,roscore,5915,0.5,43.2
2026-07-07 11:26:52,1783420012.193,rs_t265,5985,0.0,43.8
2026-07-07 11:26:52,1783420012.193,rs_t265,5999,5.4,87.6
2026-07-07 11:26:52,1783420012.193,rs_t265,6000,0.0,14.3
2026-07-07 11:26:52,1783420012.193,cam_capture_node,6080,1.5,84.7
2026-07-07 11:26:54,1783420014.211,roscore,5544,0.0,3.9
2026-07-07 11:26:54,1783420014.211,roscore,5624,0.0,3.7
2026-07-07 11:26:54,1783420014.211,roscore,5915,0.0,43.2
2026-07-07 11:26:54,1783420014.211,rs_t265,5985,0.5,43.8
2026-07-07 11:26:54,1783420014.211,rs_t265,5999,6.9,87.6
2026-07-07 11:26:54,1783420014.211,rs_t265,6000,0.0,14.3
2026-07-07 11:26:54,1783420014.211,cam_capture_node,6080,2.0,84.7
2026-07-07 11:26:56,1783420016.229,roscore,5544,0.0,3.9
2026-07-07 11:26:56,1783420016.229,roscore,5624,0.0,3.7
2026-07-07 11:26:56,1783420016.229,roscore,5915,0.0,43.2
2026-07-07 11:26:56,1783420016.229,rs_t265,5985,0.0,43.8
2026-07-07 11:26:56,1783420016.229,rs_t265,5999,5.9,87.6
2026-07-07 11:26:56,1783420016.229,rs_t265,6000,0.5,14.3
2026-07-07 11:26:56,1783420016.229,cam_capture_node,6080,1.5,84.7
2026-07-07 11:26:58,1783420018.253,roscore,5544,0.0,3.9
2026-07-07 11:26:58,1783420018.253,roscore,5624,0.0,3.7
2026-07-07 11:26:58,1783420018.253,roscore,5915,0.5,43.2
2026-07-07 11:26:58,1783420018.253,rs_t265,5985,0.5,43.8
2026-07-07 11:26:58,1783420018.253,rs_t265,5999,5.9,87.6
2026-07-07 11:26:58,1783420018.253,rs_t265,6000,0.5,14.3
2026-07-07 11:26:58,1783420018.253,cam_capture_node,6080,2.0,84.7
2026-07-07 11:27:00,1783420020.281,roscore,5544,0.0,3.9
2026-07-07 11:27:00,1783420020.281,roscore,5624,0.0,3.7
2026-07-07 11:27:00,1783420020.281,roscore,5915,0.0,43.2
2026-07-07 11:27:00,1783420020.281,rs_t265,5985,0.0,43.8
2026-07-07 11:27:00,1783420020.281,rs_t265,5999,7.4,87.6
2026-07-07 11:27:00,1783420020.281,rs_t265,6000,0.0,14.3
2026-07-07 11:27:00,1783420020.281,cam_capture_node,6080,1.5,84.7
2026-07-07 11:27:02,1783420022.312,roscore,5544,0.0,3.9
2026-07-07 11:27:02,1783420022.312,roscore,5624,0.0,3.7
2026-07-07 11:27:02,1783420022.312,roscore,5915,0.5,43.2
2026-07-07 11:27:02,1783420022.312,rs_t265,5985,0.5,43.8
2026-07-07 11:27:02,1783420022.312,rs_t265,5999,7.4,87.6
2026-07-07 11:27:02,1783420022.312,rs_t265,6000,0.0,14.3
2026-07-07 11:27:02,1783420022.312,cam_capture_node,6080,1.5,84.7
2026-07-07 11:27:04,1783420024.339,roscore,5544,0.0,3.9
2026-07-07 11:27:04,1783420024.339,roscore,5624,0.0,3.7
2026-07-07 11:27:04,1783420024.339,roscore,5915,0.5,43.2
2026-07-07 11:27:04,1783420024.339,rs_t265,5985,0.0,43.8
2026-07-07 11:27:04,1783420024.339,rs_t265,5999,6.9,87.6
2026-07-07 11:27:04,1783420024.339,rs_t265,6000,0.5,14.3
2026-07-07 11:27:04,1783420024.339,cam_capture_node,6080,1.5,84.7
2026-07-07 11:27:06,1783420026.355,roscore,5544,0.0,3.9
2026-07-07 11:27:06,1783420026.355,roscore,5624,0.0,3.7
2026-07-07 11:27:06,1783420026.355,roscore,5915,0.5,43.2
2026-07-07 11:27:06,1783420026.355,rs_t265,5985,0.5,43.8
2026-07-07 11:27:06,1783420026.355,rs_t265,5999,6.9,87.6
2026-07-07 11:27:06,1783420026.355,rs_t265,6000,0.5,14.3
2026-07-07 11:27:06,1783420026.355,cam_capture_node,6080,1.5,84.7
2026-07-07 11:27:08,1783420028.386,roscore,5544,0.0,3.9
2026-07-07 11:27:08,1783420028.386,roscore,5624,0.5,3.7
2026-07-07 11:27:08,1783420028.386,roscore,5915,0.0,43.2
2026-07-07 11:27:08,1783420028.386,rs_t265,5985,0.0,43.8
2026-07-07 11:27:08,1783420028.386,rs_t265,5999,7.4,87.6
2026-07-07 11:27:08,1783420028.386,rs_t265,6000,0.0,14.3
2026-07-07 11:27:08,1783420028.386,cam_capture_node,6080,2.0,84.7
2026-07-07 11:27:10,1783420030.413,roscore,5544,0.0,3.9
2026-07-07 11:27:10,1783420030.413,roscore,5624,0.0,3.7
2026-07-07 11:27:10,1783420030.413,roscore,5915,0.5,43.2
2026-07-07 11:27:10,1783420030.413,rs_t265,5985,0.5,43.8
2026-07-07 11:27:10,1783420030.413,rs_t265,5999,6.4,87.6
2026-07-07 11:27:10,1783420030.413,rs_t265,6000,0.5,14.3
2026-07-07 11:27:10,1783420030.413,cam_capture_node,6080,1.5,84.7
2026-07-07 11:27:12,1783420032.440,roscore,5544,0.0,3.9
2026-07-07 11:27:12,1783420032.440,roscore,5624,0.0,3.7
2026-07-07 11:27:12,1783420032.440,roscore,5915,0.5,43.2
2026-07-07 11:27:12,1783420032.440,rs_t265,5985,0.5,43.8
2026-07-07 11:27:12,1783420032.440,rs_t265,5999,6.4,87.6
2026-07-07 11:27:12,1783420032.440,rs_t265,6000,0.5,14.3
2026-07-07 11:27:12,1783420032.440,cam_capture_node,6080,1.5,84.7
2026-07-07 11:27:14,1783420034.468,roscore,5544,0.0,3.9
2026-07-07 11:27:14,1783420034.468,roscore,5624,0.0,3.7
2026-07-07 11:27:14,1783420034.468,roscore,5915,0.0,43.2
2026-07-07 11:27:14,1783420034.468,rs_t265,5985,0.5,43.8
2026-07-07 11:27:14,1783420034.468,rs_t265,5999,7.4,87.6
2026-07-07 11:27:14,1783420034.468,rs_t265,6000,0.0,14.3
2026-07-07 11:27:14,1783420034.468,cam_capture_node,6080,2.0,84.7
2026-07-07 11:27:16,1783420036.496,roscore,5544,0.0,3.9
2026-07-07 11:27:16,1783420036.496,roscore,5624,0.0,3.7
2026-07-07 11:27:16,1783420036.496,roscore,5915,0.5,43.2
2026-07-07 11:27:16,1783420036.496,rs_t265,5985,0.0,43.8
2026-07-07 11:27:16,1783420036.496,rs_t265,5999,6.9,87.6
2026-07-07 11:27:16,1783420036.496,rs_t265,6000,0.5,14.3
2026-07-07 11:27:16,1783420036.496,cam_capture_node,6080,1.5,84.7
2026-07-07 11:27:18,1783420038.512,roscore,5544,0.0,3.9
2026-07-07 11:27:18,1783420038.512,roscore,5624,0.5,3.7
2026-07-07 11:27:18,1783420038.512,roscore,5915,0.0,43.2
2026-07-07 11:27:18,1783420038.512,rs_t265,5985,0.5,43.8
2026-07-07 11:27:18,1783420038.512,rs_t265,5999,6.4,87.6
2026-07-07 11:27:18,1783420038.512,rs_t265,6000,0.5,14.3
2026-07-07 11:27:18,1783420038.512,cam_capture_node,6080,2.0,84.7
2026-07-07 11:27:20,1783420040.540,roscore,5544,0.0,3.9
2026-07-07 11:27:20,1783420040.540,roscore,5624,0.0,3.7
2026-07-07 11:27:20,1783420040.540,roscore,5915,0.0,43.2
2026-07-07 11:27:20,1783420040.540,rs_t265,5985,0.5,43.8
2026-07-07 11:27:20,1783420040.540,rs_t265,5999,6.9,87.6
2026-07-07 11:27:20,1783420040.540,rs_t265,6000,0.0,14.3
2026-07-07 11:27:20,1783420040.540,cam_capture_node,6080,2.0,84.7
2026-07-07 11:27:22,1783420042.568,roscore,5544,0.0,3.9
2026-07-07 11:27:22,1783420042.568,roscore,5624,0.5,3.7
2026-07-07 11:27:22,1783420042.568,roscore,5915,0.5,43.2
2026-07-07 11:27:22,1783420042.568,rs_t265,5985,0.5,43.8
2026-07-07 11:27:22,1783420042.568,rs_t265,5999,7.9,87.6
2026-07-07 11:27:22,1783420042.568,rs_t265,6000,0.5,14.3
2026-07-07 11:27:22,1783420042.568,cam_capture_node,6080,1.5,84.7
2026-07-07 11:27:24,1783420044.584,roscore,5544,0.0,3.9
2026-07-07 11:27:24,1783420044.584,roscore,5624,0.0,3.7
2026-07-07 11:27:24,1783420044.584,roscore,5915,0.5,43.2
2026-07-07 11:27:24,1783420044.584,rs_t265,5985,0.0,43.8
2026-07-07 11:27:24,1783420044.584,rs_t265,5999,7.9,87.6
2026-07-07 11:27:24,1783420044.584,rs_t265,6000,0.5,14.3
2026-07-07 11:27:24,1783420044.584,cam_capture_node,6080,1.5,84.7
2026-07-07 11:27:26,1783420046.611,roscore,5544,0.0,3.9
2026-07-07 11:27:26,1783420046.611,roscore,5624,0.0,3.7
2026-07-07 11:27:26,1783420046.611,roscore,5915,0.0,43.2
2026-07-07 11:27:26,1783420046.611,rs_t265,5985,0.5,43.8
2026-07-07 11:27:26,1783420046.611,rs_t265,5999,7.4,87.6
2026-07-07 11:27:26,1783420046.611,rs_t265,6000,0.0,14.3
2026-07-07 11:27:26,1783420046.611,cam_capture_node,6080,2.0,84.7
2026-07-07 11:27:28,1783420048.638,roscore,5544,0.0,3.9
2026-07-07 11:27:28,1783420048.638,roscore,5624,0.0,3.7
2026-07-07 11:27:28,1783420048.638,roscore,5915,0.5,43.2
2026-07-07 11:27:28,1783420048.638,rs_t265,5985,0.0,43.8
2026-07-07 11:27:28,1783420048.638,rs_t265,5999,6.4,87.6
2026-07-07 11:27:28,1783420048.638,rs_t265,6000,0.5,14.3
2026-07-07 11:27:28,1783420048.638,cam_capture_node,6080,2.0,84.7
2026-07-07 11:27:30,1783420050.665,roscore,5544,0.0,3.9
2026-07-07 11:27:30,1783420050.665,roscore,5624,0.5,3.7
2026-07-07 11:27:30,1783420050.665,roscore,5915,0.0,43.2
2026-07-07 11:27:30,1783420050.665,rs_t265,5985,0.5,43.8
2026-07-07 11:27:30,1783420050.665,rs_t265,5999,6.9,87.6
2026-07-07 11:27:30,1783420050.665,rs_t265,6000,0.0,14.3
2026-07-07 11:27:30,1783420050.665,cam_capture_node,6080,1.5,84.7
2026-07-07 11:27:32,1783420052.692,roscore,5544,0.0,3.9
2026-07-07 11:27:32,1783420052.692,roscore,5624,0.0,3.7
2026-07-07 11:27:32,1783420052.692,roscore,5915,1.0,43.2
2026-07-07 11:27:32,1783420052.692,rs_t265,5985,0.0,43.8
2026-07-07 11:27:32,1783420052.692,rs_t265,5999,5.9,87.6
2026-07-07 11:27:32,1783420052.692,rs_t265,6000,0.5,14.3
2026-07-07 11:27:32,1783420052.692,cam_capture_node,6080,1.5,84.7
2026-07-07 11:27:34,1783420054.719,roscore,5544,0.0,3.9
2026-07-07 11:27:34,1783420054.719,roscore,5624,0.0,3.7
2026-07-07 11:27:34,1783420054.719,roscore,5915,0.0,43.2
2026-07-07 11:27:34,1783420054.719,rs_t265,5985,0.5,43.8
2026-07-07 11:27:34,1783420054.719,rs_t265,5999,6.9,87.6
2026-07-07 11:27:34,1783420054.719,rs_t265,6000,0.5,14.3
2026-07-07 11:27:34,1783420054.719,cam_capture_node,6080,2.0,84.7
2026-07-07 11:27:36,1783420056.733,roscore,5544,0.0,3.9
2026-07-07 11:27:36,1783420056.733,roscore,5624,0.0,3.7
2026-07-07 11:27:36,1783420056.733,roscore,5915,0.5,43.2
2026-07-07 11:27:36,1783420056.733,rs_t265,5985,0.0,43.8
2026-07-07 11:27:36,1783420056.733,rs_t265,5999,6.5,87.6
2026-07-07 11:27:36,1783420056.733,rs_t265,6000,0.0,14.3
2026-07-07 11:27:36,1783420056.733,cam_capture_node,6080,1.5,84.7
2026-07-07 11:27:38,1783420058.748,roscore,5544,0.0,3.9
2026-07-07 11:27:38,1783420058.748,roscore,5624,0.0,3.7
2026-07-07 11:27:38,1783420058.748,roscore,5915,0.0,43.2
2026-07-07 11:27:38,1783420058.748,rs_t265,5985,1.0,43.8
2026-07-07 11:27:38,1783420058.748,rs_t265,5999,7.0,87.6
2026-07-07 11:27:38,1783420058.748,rs_t265,6000,0.5,14.3
2026-07-07 11:27:38,1783420058.748,cam_capture_node,6080,2.5,84.7
2026-07-07 11:27:40,1783420060.763,roscore,5544,0.0,3.9
2026-07-07 11:27:40,1783420060.763,roscore,5624,0.0,3.7
2026-07-07 11:27:40,1783420060.763,roscore,5915,0.5,43.2
2026-07-07 11:27:40,1783420060.763,rs_t265,5985,0.0,43.8
2026-07-07 11:27:40,1783420060.763,rs_t265,5999,7.4,87.6
2026-07-07 11:27:40,1783420060.763,rs_t265,6000,0.5,14.3
2026-07-07 11:27:40,1783420060.763,cam_capture_node,6080,1.5,84.7
2026-07-07 11:27:42,1783420062.778,roscore,5544,0.0,3.9
2026-07-07 11:27:42,1783420062.778,roscore,5624,0.5,3.7
2026-07-07 11:27:42,1783420062.778,roscore,5915,0.0,43.2
2026-07-07 11:27:42,1783420062.778,rs_t265,5985,0.5,43.8
2026-07-07 11:27:42,1783420062.778,rs_t265,5999,6.5,87.6
2026-07-07 11:27:42,1783420062.778,rs_t265,6000,0.0,14.3
2026-07-07 11:27:42,1783420062.778,cam_capture_node,6080,1.5,84.7
2026-07-07 11:27:44,1783420064.793,roscore,5544,0.0,3.9
2026-07-07 11:27:44,1783420064.793,roscore,5624,0.0,3.7
2026-07-07 11:27:44,1783420064.793,roscore,5915,0.5,43.2
2026-07-07 11:27:44,1783420064.793,rs_t265,5985,0.0,43.8
2026-07-07 11:27:44,1783420064.793,rs_t265,5999,5.9,87.6
2026-07-07 11:27:44,1783420064.793,rs_t265,6000,0.5,14.3
2026-07-07 11:27:44,1783420064.793,cam_capture_node,6080,1.5,84.7
2026-07-07 11:27:46,1783420066.825,roscore,5544,0.0,3.9
2026-07-07 11:27:46,1783420066.825,roscore,5624,0.0,3.7
2026-07-07 11:27:46,1783420066.825,roscore,5915,0.0,43.2
2026-07-07 11:27:46,1783420066.825,rs_t265,5985,0.5,43.8
2026-07-07 11:27:46,1783420066.825,rs_t265,5999,7.4,87.6
2026-07-07 11:27:46,1783420066.825,rs_t265,6000,0.5,14.3
2026-07-07 11:27:46,1783420066.825,cam_capture_node,6080,1.5,84.7
2026-07-07 11:27:48,1783420068.851,roscore,5544,0.0,3.9
2026-07-07 11:27:48,1783420068.851,roscore,5624,0.0,3.7
2026-07-07 11:27:48,1783420068.851,roscore,5915,0.5,43.2
2026-07-07 11:27:48,1783420068.851,rs_t265,5985,0.5,43.8
2026-07-07 11:27:48,1783420068.851,rs_t265,5999,7.4,87.6
2026-07-07 11:27:48,1783420068.851,rs_t265,6000,0.5,14.3
2026-07-07 11:27:48,1783420068.851,cam_capture_node,6080,2.0,84.7
2026-07-07 11:27:50,1783420070.878,roscore,5544,0.0,3.9
2026-07-07 11:27:50,1783420070.878,roscore,5624,0.0,3.7
2026-07-07 11:27:50,1783420070.878,roscore,5915,0.5,43.2
2026-07-07 11:27:50,1783420070.878,rs_t265,5985,0.0,43.8
2026-07-07 11:27:50,1783420070.878,rs_t265,5999,7.4,87.6
2026-07-07 11:27:50,1783420070.878,rs_t265,6000,0.0,14.3
2026-07-07 11:27:50,1783420070.878,cam_capture_node,6080,1.5,84.7
2026-07-07 11:27:52,1783420072.905,roscore,5544,0.0,3.9
2026-07-07 11:27:52,1783420072.905,roscore,5624,0.0,3.7
2026-07-07 11:27:52,1783420072.905,roscore,5915,0.0,43.2
2026-07-07 11:27:52,1783420072.905,rs_t265,5985,0.5,43.8
2026-07-07 11:27:52,1783420072.905,rs_t265,5999,6.9,87.6
2026-07-07 11:27:52,1783420072.905,rs_t265,6000,0.0,14.3
2026-07-07 11:27:52,1783420072.905,cam_capture_node,6080,1.5,84.7
2026-07-07 11:27:54,1783420074.932,roscore,5544,0.0,3.9
2026-07-07 11:27:54,1783420074.932,roscore,5624,0.5,3.7
2026-07-07 11:27:54,1783420074.932,roscore,5915,0.5,43.2
2026-07-07 11:27:54,1783420074.932,rs_t265,5985,0.5,43.8
2026-07-07 11:27:54,1783420074.932,rs_t265,5999,6.9,87.6
2026-07-07 11:27:54,1783420074.932,rs_t265,6000,1.0,14.3
2026-07-07 11:27:54,1783420074.932,cam_capture_node,6080,2.5,84.7
2026-07-07 11:27:56,1783420076.947,roscore,5544,0.0,3.9
2026-07-07 11:27:56,1783420076.947,roscore,5624,0.5,3.7
2026-07-07 11:27:56,1783420076.947,roscore,5915,0.0,43.2
2026-07-07 11:27:56,1783420076.947,rs_t265,5985,0.0,43.8
2026-07-07 11:27:56,1783420076.947,rs_t265,5999,6.0,87.6
2026-07-07 11:27:56,1783420076.947,rs_t265,6000,0.0,14.3
2026-07-07 11:27:56,1783420076.947,cam_capture_node,6080,1.0,84.7
2026-07-07 11:27:58,1783420078.963,roscore,5544,0.0,3.9
2026-07-07 11:27:58,1783420078.963,roscore,5624,0.0,3.7
2026-07-07 11:27:58,1783420078.963,roscore,5915,0.5,43.2
2026-07-07 11:27:58,1783420078.963,rs_t265,5985,0.5,43.8
2026-07-07 11:27:58,1783420078.963,rs_t265,5999,5.9,87.6
2026-07-07 11:27:58,1783420078.963,rs_t265,6000,0.0,14.3
2026-07-07 11:27:58,1783420078.963,cam_capture_node,6080,1.5,84.7
2026-07-07 11:28:00,1783420080.991,roscore,5544,0.0,3.9
2026-07-07 11:28:00,1783420080.991,roscore,5624,0.0,3.7
2026-07-07 11:28:00,1783420080.991,roscore,5915,0.0,43.2
2026-07-07 11:28:00,1783420080.991,rs_t265,5985,0.0,43.8
2026-07-07 11:28:00,1783420080.991,rs_t265,5999,6.9,87.6
2026-07-07 11:28:00,1783420080.991,rs_t265,6000,0.5,14.3
2026-07-07 11:28:00,1783420080.991,cam_capture_node,6080,2.0,84.7
2026-07-07 11:28:03,1783420083.006,roscore,5544,0.0,3.9
2026-07-07 11:28:03,1783420083.006,roscore,5624,0.0,3.7
2026-07-07 11:28:03,1783420083.006,roscore,5915,0.0,43.2
2026-07-07 11:28:03,1783420083.006,rs_t265,5985,0.5,43.8
2026-07-07 11:28:03,1783420083.006,rs_t265,5999,6.9,87.6
2026-07-07 11:28:03,1783420083.006,rs_t265,6000,0.5,14.3
2026-07-07 11:28:03,1783420083.006,cam_capture_node,6080,2.0,84.7
2026-07-07 11:28:05,1783420085.022,roscore,5544,0.0,3.9
2026-07-07 11:28:05,1783420085.022,roscore,5624,0.0,3.7
2026-07-07 11:28:05,1783420085.022,roscore,5915,1.0,43.2
2026-07-07 11:28:05,1783420085.022,rs_t265,5985,0.0,43.8
2026-07-07 11:28:05,1783420085.022,rs_t265,5999,6.9,87.6
2026-07-07 11:28:05,1783420085.022,rs_t265,6000,0.0,14.3
2026-07-07 11:28:05,1783420085.022,cam_capture_node,6080,2.0,84.7
2026-07-07 11:28:07,1783420087.050,roscore,5544,0.0,3.9
2026-07-07 11:28:07,1783420087.050,roscore,5624,0.0,3.7
2026-07-07 11:28:07,1783420087.050,roscore,5915,0.5,43.2
2026-07-07 11:28:07,1783420087.050,rs_t265,5985,0.5,43.8
2026-07-07 11:28:07,1783420087.050,rs_t265,5999,7.4,87.6
2026-07-07 11:28:07,1783420087.050,rs_t265,6000,1.0,14.3
2026-07-07 11:28:07,1783420087.050,cam_capture_node,6080,2.0,84.7
2026-07-07 11:28:09,1783420089.078,roscore,5544,0.0,3.9
2026-07-07 11:28:09,1783420089.078,roscore,5624,0.0,3.7
2026-07-07 11:28:09,1783420089.078,roscore,5915,0.0,43.2
2026-07-07 11:28:09,1783420089.078,rs_t265,5985,0.0,43.8
2026-07-07 11:28:09,1783420089.078,rs_t265,5999,7.4,87.6
2026-07-07 11:28:09,1783420089.078,rs_t265,6000,0.0,14.3
2026-07-07 11:28:09,1783420089.078,cam_capture_node,6080,1.5,84.7
2026-07-07 11:28:11,1783420091.112,roscore,5544,0.0,3.9
2026-07-07 11:28:11,1783420091.112,roscore,5624,0.0,3.7
2026-07-07 11:28:11,1783420091.112,roscore,5915,0.5,43.2
2026-07-07 11:28:11,1783420091.112,rs_t265,5985,0.5,43.8
2026-07-07 11:28:11,1783420091.112,rs_t265,5999,7.4,87.6
2026-07-07 11:28:11,1783420091.112,rs_t265,6000,0.0,14.3
2026-07-07 11:28:11,1783420091.112,cam_capture_node,6080,2.0,84.7
2026-07-07 11:28:13,1783420093.127,roscore,5544,0.0,3.9
2026-07-07 11:28:13,1783420093.127,roscore,5624,1.0,3.7
2026-07-07 11:28:13,1783420093.127,roscore,5915,0.0,43.2
2026-07-07 11:28:13,1783420093.127,rs_t265,5985,0.0,43.8
2026-07-07 11:28:13,1783420093.127,rs_t265,5999,7.4,87.6
2026-07-07 11:28:13,1783420093.127,rs_t265,6000,0.5,14.3
2026-07-07 11:28:13,1783420093.127,cam_capture_node,6080,1.5,84.7
2026-07-07 11:28:15,1783420095.142,roscore,5544,0.0,3.9
2026-07-07 11:28:15,1783420095.142,roscore,5624,0.0,3.7
2026-07-07 11:28:15,1783420095.142,roscore,5915,0.5,43.2
2026-07-07 11:28:15,1783420095.142,rs_t265,5985,0.5,43.8
2026-07-07 11:28:15,1783420095.142,rs_t265,5999,6.4,87.6
2026-07-07 11:28:15,1783420095.142,rs_t265,6000,0.5,14.3
2026-07-07 11:28:15,1783420095.142,cam_capture_node,6080,2.0,84.7
2026-07-07 11:28:17,1783420097.169,roscore,5544,0.0,3.9
2026-07-07 11:28:17,1783420097.169,roscore,5624,0.0,3.7
2026-07-07 11:28:17,1783420097.169,roscore,5915,0.0,43.2
2026-07-07 11:28:17,1783420097.169,rs_t265,5985,0.0,43.8
2026-07-07 11:28:17,1783420097.169,rs_t265,5999,7.4,87.6
2026-07-07 11:28:17,1783420097.169,rs_t265,6000,0.5,14.3
2026-07-07 11:28:17,1783420097.169,cam_capture_node,6080,1.5,84.7
2026-07-07 11:28:19,1783420099.185,roscore,5544,0.0,3.9
2026-07-07 11:28:19,1783420099.185,roscore,5624,0.0,3.7
2026-07-07 11:28:19,1783420099.185,roscore,5915,0.5,43.2
2026-07-07 11:28:19,1783420099.185,rs_t265,5985,0.5,43.8
2026-07-07 11:28:19,1783420099.185,rs_t265,5999,6.9,87.6
2026-07-07 11:28:19,1783420099.185,rs_t265,6000,0.0,14.3
2026-07-07 11:28:19,1783420099.185,cam_capture_node,6080,2.0,84.7
2026-07-07 11:28:21,1783420101.211,roscore,5544,0.0,3.9
2026-07-07 11:28:21,1783420101.211,roscore,5624,0.0,3.7
2026-07-07 11:28:21,1783420101.211,roscore,5915,0.0,43.2
2026-07-07 11:28:21,1783420101.211,rs_t265,5985,0.5,43.8
2026-07-07 11:28:21,1783420101.211,rs_t265,5999,7.4,87.6
2026-07-07 11:28:21,1783420101.211,rs_t265,6000,0.5,14.3
2026-07-07 11:28:21,1783420101.211,cam_capture_node,6080,1.5,84.7
2026-07-07 11:28:23,1783420103.244,roscore,5544,0.0,3.9
2026-07-07 11:28:23,1783420103.244,roscore,5624,0.0,3.7
2026-07-07 11:28:23,1783420103.244,roscore,5915,0.0,43.2
2026-07-07 11:28:23,1783420103.244,rs_t265,5985,0.5,43.8
2026-07-07 11:28:23,1783420103.244,rs_t265,5999,7.9,87.6
2026-07-07 11:28:23,1783420103.244,rs_t265,6000,0.0,14.3
2026-07-07 11:28:23,1783420103.244,cam_capture_node,6080,1.5,84.7
2026-07-07 11:28:25,1783420105.271,roscore,5544,0.0,3.9
2026-07-07 11:28:25,1783420105.271,roscore,5624,0.0,3.7
2026-07-07 11:28:25,1783420105.271,roscore,5915,1.0,43.2
2026-07-07 11:28:25,1783420105.271,rs_t265,5985,0.0,43.8
2026-07-07 11:28:25,1783420105.271,rs_t265,5999,7.9,87.6
2026-07-07 11:28:25,1783420105.271,rs_t265,6000,0.5,14.3
2026-07-07 11:28:25,1783420105.271,cam_capture_node,6080,2.5,84.7
2026-07-07 11:28:27,1783420107.299,roscore,5544,0.0,3.9
2026-07-07 11:28:27,1783420107.299,roscore,5624,0.5,3.7
2026-07-07 11:28:27,1783420107.299,roscore,5915,0.0,43.2
2026-07-07 11:28:27,1783420107.299,rs_t265,5985,0.5,43.8
2026-07-07 11:28:27,1783420107.299,rs_t265,5999,6.9,87.6
2026-07-07 11:28:27,1783420107.299,rs_t265,6000,0.5,14.3
2026-07-07 11:28:27,1783420107.299,cam_capture_node,6080,1.5,84.7
2026-07-07 11:28:29,1783420109.327,roscore,5544,0.0,3.9
2026-07-07 11:28:29,1783420109.327,roscore,5624,0.0,3.7
2026-07-07 11:28:29,1783420109.327,roscore,5915,0.5,43.2
2026-07-07 11:28:29,1783420109.327,rs_t265,5985,0.0,43.8
2026-07-07 11:28:29,1783420109.327,rs_t265,5999,6.9,87.6
2026-07-07 11:28:29,1783420109.327,rs_t265,6000,0.0,14.3
2026-07-07 11:28:29,1783420109.327,cam_capture_node,6080,1.5,84.7
2026-07-07 11:28:31,1783420111.354,roscore,5544,0.0,3.9
2026-07-07 11:28:31,1783420111.354,roscore,5624,0.0,3.7
2026-07-07 11:28:31,1783420111.354,roscore,5915,0.0,43.2
2026-07-07 11:28:31,1783420111.354,rs_t265,5985,0.5,43.8
2026-07-07 11:28:31,1783420111.354,rs_t265,5999,7.9,87.6
2026-07-07 11:28:31,1783420111.354,rs_t265,6000,0.5,14.3
2026-07-07 11:28:31,1783420111.354,cam_capture_node,6080,2.0,84.7
2026-07-07 11:28:33,1783420113.380,roscore,5544,0.0,3.9
2026-07-07 11:28:33,1783420113.380,roscore,5624,0.0,3.7
2026-07-07 11:28:33,1783420113.380,roscore,5915,0.5,43.2
2026-07-07 11:28:33,1783420113.380,rs_t265,5985,0.0,43.8
2026-07-07 11:28:33,1783420113.380,rs_t265,5999,6.4,87.6
2026-07-07 11:28:33,1783420113.380,rs_t265,6000,0.0,14.3
2026-07-07 11:28:33,1783420113.380,cam_capture_node,6080,1.5,84.7
2026-07-07 11:28:35,1783420115.404,roscore,5544,0.0,3.9
2026-07-07 11:28:35,1783420115.404,roscore,5624,0.0,3.7
2026-07-07 11:28:35,1783420115.404,roscore,5915,0.5,43.2
2026-07-07 11:28:35,1783420115.404,rs_t265,5985,0.5,43.8
2026-07-07 11:28:35,1783420115.404,rs_t265,5999,6.9,87.6
2026-07-07 11:28:35,1783420115.404,rs_t265,6000,0.5,14.3
2026-07-07 11:28:35,1783420115.404,cam_capture_node,6080,2.0,84.7
2026-07-07 11:28:37,1783420117.430,roscore,5544,0.0,3.9
2026-07-07 11:28:37,1783420117.430,roscore,5624,0.5,3.7
2026-07-07 11:28:37,1783420117.430,roscore,5915,0.0,43.2
2026-07-07 11:28:37,1783420117.430,rs_t265,5985,0.0,43.8
2026-07-07 11:28:37,1783420117.430,rs_t265,5999,5.4,87.6
2026-07-07 11:28:37,1783420117.430,rs_t265,6000,0.0,14.3
2026-07-07 11:28:37,1783420117.430,cam_capture_node,6080,2.0,84.7
2026-07-07 11:28:39,1783420119.453,roscore,5544,0.0,3.9
2026-07-07 11:28:39,1783420119.453,roscore,5624,0.0,3.7
2026-07-07 11:28:39,1783420119.453,roscore,5915,0.5,43.2
2026-07-07 11:28:39,1783420119.453,rs_t265,5985,0.5,43.8
2026-07-07 11:28:39,1783420119.453,rs_t265,5999,7.9,87.6
2026-07-07 11:28:39,1783420119.453,rs_t265,6000,1.0,14.3
2026-07-07 11:28:39,1783420119.453,cam_capture_node,6080,1.5,84.7
2026-07-07 11:28:41,1783420121.481,roscore,5544,0.0,3.9
2026-07-07 11:28:41,1783420121.481,roscore,5624,0.5,3.7
2026-07-07 11:28:41,1783420121.481,roscore,5915,0.0,43.2
2026-07-07 11:28:41,1783420121.481,rs_t265,5985,0.0,43.8
2026-07-07 11:28:41,1783420121.481,rs_t265,5999,6.4,87.6
2026-07-07 11:28:41,1783420121.481,rs_t265,6000,0.0,14.3
2026-07-07 11:28:41,1783420121.481,cam_capture_node,6080,2.0,84.7
2026-07-07 11:28:43,1783420123.509,roscore,5544,0.0,3.9
2026-07-07 11:28:43,1783420123.509,roscore,5624,0.0,3.7
2026-07-07 11:28:43,1783420123.509,roscore,5915,0.0,43.2
2026-07-07 11:28:43,1783420123.509,rs_t265,5985,0.5,43.8
2026-07-07 11:28:43,1783420123.509,rs_t265,5999,5.9,87.6
2026-07-07 11:28:43,1783420123.509,rs_t265,6000,0.5,14.3
2026-07-07 11:28:43,1783420123.509,cam_capture_node,6080,1.5,84.7
2026-07-07 11:28:45,1783420125.537,roscore,5544,0.0,3.9
2026-07-07 11:28:45,1783420125.537,roscore,5624,0.0,3.7
2026-07-07 11:28:45,1783420125.537,roscore,5915,0.5,43.2
2026-07-07 11:28:45,1783420125.537,rs_t265,5985,0.5,43.8
2026-07-07 11:28:45,1783420125.537,rs_t265,5999,6.4,87.6
2026-07-07 11:28:45,1783420125.537,rs_t265,6000,0.5,14.3
2026-07-07 11:28:45,1783420125.537,cam_capture_node,6080,2.0,84.7
2026-07-07 11:28:47,1783420127.565,roscore,5544,0.0,3.9
2026-07-07 11:28:47,1783420127.565,roscore,5624,0.0,3.7
2026-07-07 11:28:47,1783420127.565,roscore,5915,1.0,43.2
2026-07-07 11:28:47,1783420127.565,rs_t265,5985,0.5,43.8
2026-07-07 11:28:47,1783420127.565,rs_t265,5999,6.9,87.6
2026-07-07 11:28:47,1783420127.565,rs_t265,6000,0.0,14.3
2026-07-07 11:28:47,1783420127.565,cam_capture_node,6080,1.5,84.7
2026-07-07 11:28:49,1783420129.589,roscore,5544,0.0,3.9
2026-07-07 11:28:49,1783420129.589,roscore,5624,0.0,3.7
2026-07-07 11:28:49,1783420129.589,roscore,5915,0.0,43.2
2026-07-07 11:28:49,1783420129.589,rs_t265,5985,0.5,43.8
2026-07-07 11:28:49,1783420129.589,rs_t265,5999,6.4,87.6
2026-07-07 11:28:49,1783420129.589,rs_t265,6000,0.5,14.3
2026-07-07 11:28:49,1783420129.589,cam_capture_node,6080,2.0,84.7
2026-07-07 11:28:51,1783420131.617,roscore,5544,0.0,3.9
2026-07-07 11:28:51,1783420131.617,roscore,5624,0.0,3.7
2026-07-07 11:28:51,1783420131.617,roscore,5915,0.5,43.2
2026-07-07 11:28:51,1783420131.617,rs_t265,5985,0.0,43.8
2026-07-07 11:28:51,1783420131.617,rs_t265,5999,7.9,87.6
2026-07-07 11:28:51,1783420131.617,rs_t265,6000,0.5,14.3
2026-07-07 11:28:51,1783420131.617,cam_capture_node,6080,1.5,84.7
2026-07-07 11:28:53,1783420133.643,roscore,5544,0.0,3.9
2026-07-07 11:28:53,1783420133.643,roscore,5624,0.0,3.7
2026-07-07 11:28:53,1783420133.643,roscore,5915,0.0,43.2
2026-07-07 11:28:53,1783420133.643,rs_t265,5985,0.5,43.8
2026-07-07 11:28:53,1783420133.643,rs_t265,5999,7.9,87.6
2026-07-07 11:28:53,1783420133.643,rs_t265,6000,0.0,14.3
2026-07-07 11:28:53,1783420133.643,cam_capture_node,6080,1.5,84.7
2026-07-07 11:28:55,1783420135.669,roscore,5544,0.0,3.9
2026-07-07 11:28:55,1783420135.669,roscore,5624,0.5,3.7
2026-07-07 11:28:55,1783420135.669,roscore,5915,0.5,43.2
2026-07-07 11:28:55,1783420135.669,rs_t265,5985,0.0,43.8
2026-07-07 11:28:55,1783420135.669,rs_t265,5999,6.4,87.6
2026-07-07 11:28:55,1783420135.669,rs_t265,6000,0.5,14.3
2026-07-07 11:28:55,1783420135.669,cam_capture_node,6080,2.0,84.7
2026-07-07 11:28:57,1783420137.697,roscore,5544,0.0,3.9
2026-07-07 11:28:57,1783420137.697,roscore,5624,0.5,3.7
2026-07-07 11:28:57,1783420137.697,roscore,5915,0.0,43.2
2026-07-07 11:28:57,1783420137.697,rs_t265,5985,0.5,43.8
2026-07-07 11:28:57,1783420137.697,rs_t265,5999,7.4,87.6
2026-07-07 11:28:57,1783420137.697,rs_t265,6000,0.0,14.3
2026-07-07 11:28:57,1783420137.697,cam_capture_node,6080,2.0,84.7
2026-07-07 11:28:59,1783420139.712,roscore,5544,0.0,3.9
2026-07-07 11:28:59,1783420139.712,roscore,5624,0.0,3.7
2026-07-07 11:28:59,1783420139.712,roscore,5915,0.0,43.2
2026-07-07 11:28:59,1783420139.712,rs_t265,5985,0.0,43.8
2026-07-07 11:28:59,1783420139.712,rs_t265,5999,6.9,87.6
2026-07-07 11:28:59,1783420139.712,rs_t265,6000,1.0,14.3
2026-07-07 11:28:59,1783420139.712,cam_capture_node,6080,2.0,84.7
2026-07-07 11:29:01,1783420141.727,roscore,5544,0.0,3.9
2026-07-07 11:29:01,1783420141.727,roscore,5624,0.0,3.7
2026-07-07 11:29:01,1783420141.727,roscore,5915,0.5,43.2
2026-07-07 11:29:01,1783420141.727,rs_t265,5985,0.0,43.8
2026-07-07 11:29:01,1783420141.727,rs_t265,5999,7.4,87.6
2026-07-07 11:29:01,1783420141.727,rs_t265,6000,0.0,14.3
2026-07-07 11:29:01,1783420141.727,cam_capture_node,6080,2.0,84.7
2026-07-07 11:29:03,1783420143.754,roscore,5544,0.0,3.9
2026-07-07 11:29:03,1783420143.754,roscore,5624,0.0,3.7
2026-07-07 11:29:03,1783420143.754,roscore,5915,0.0,43.2
2026-07-07 11:29:03,1783420143.754,rs_t265,5985,0.5,43.8
2026-07-07 11:29:03,1783420143.754,rs_t265,5999,7.9,87.6
2026-07-07 11:29:03,1783420143.754,rs_t265,6000,0.0,14.3
2026-07-07 11:29:03,1783420143.754,cam_capture_node,6080,1.5,84.7
2026-07-07 11:29:05,1783420145.781,roscore,5544,0.0,3.9
2026-07-07 11:29:05,1783420145.781,roscore,5624,0.0,3.7
2026-07-07 11:29:05,1783420145.781,roscore,5915,0.5,43.2
2026-07-07 11:29:05,1783420145.781,rs_t265,5985,0.0,43.8
2026-07-07 11:29:05,1783420145.781,rs_t265,5999,7.4,87.6
2026-07-07 11:29:05,1783420145.781,rs_t265,6000,0.5,14.3
2026-07-07 11:29:05,1783420145.781,cam_capture_node,6080,2.0,84.7
2026-07-07 11:29:07,1783420147.808,roscore,5544,0.0,3.9
2026-07-07 11:29:07,1783420147.808,roscore,5624,0.5,3.7
2026-07-07 11:29:07,1783420147.808,roscore,5915,0.0,43.2
2026-07-07 11:29:07,1783420147.808,rs_t265,5985,0.5,43.8
2026-07-07 11:29:07,1783420147.808,rs_t265,5999,6.9,87.6
2026-07-07 11:29:07,1783420147.808,rs_t265,6000,0.5,14.3
2026-07-07 11:29:07,1783420147.808,cam_capture_node,6080,1.5,84.7
2026-07-07 11:29:09,1783420149.823,roscore,5544,0.0,3.9
2026-07-07 11:29:09,1783420149.823,roscore,5624,0.0,3.7
2026-07-07 11:29:09,1783420149.823,roscore,5915,0.5,43.2
2026-07-07 11:29:09,1783420149.823,rs_t265,5985,0.5,43.8
2026-07-07 11:29:09,1783420149.823,rs_t265,5999,6.4,87.6
2026-07-07 11:29:09,1783420149.823,rs_t265,6000,0.0,14.3
2026-07-07 11:29:09,1783420149.823,cam_capture_node,6080,2.0,84.7
2026-07-07 11:29:11,1783420151.850,roscore,5544,0.0,3.9
2026-07-07 11:29:11,1783420151.850,roscore,5624,0.0,3.7
2026-07-07 11:29:11,1783420151.850,roscore,5915,0.5,43.2
2026-07-07 11:29:11,1783420151.850,rs_t265,5985,0.5,43.8
2026-07-07 11:29:11,1783420151.850,rs_t265,5999,7.4,87.6
2026-07-07 11:29:11,1783420151.850,rs_t265,6000,0.5,14.3
2026-07-07 11:29:11,1783420151.850,cam_capture_node,6080,2.0,84.7
2026-07-07 11:29:13,1783420153.868,roscore,5544,0.0,3.9
2026-07-07 11:29:13,1783420153.868,roscore,5624,0.0,3.7
2026-07-07 11:29:13,1783420153.868,roscore,5915,0.5,43.2
2026-07-07 11:29:13,1783420153.868,rs_t265,5985,0.0,43.8
2026-07-07 11:29:13,1783420153.868,rs_t265,5999,5.5,87.6
2026-07-07 11:29:13,1783420153.868,rs_t265,6000,0.0,14.3
2026-07-07 11:29:13,1783420153.868,cam_capture_node,6080,1.0,84.7
2026-07-07 11:29:15,1783420155.883,roscore,5544,0.0,3.9
2026-07-07 11:29:15,1783420155.883,roscore,5624,0.0,3.7
2026-07-07 11:29:15,1783420155.883,roscore,5915,0.0,43.2
2026-07-07 11:29:15,1783420155.883,rs_t265,5985,0.5,43.8
2026-07-07 11:29:15,1783420155.883,rs_t265,5999,7.4,87.6
2026-07-07 11:29:15,1783420155.883,rs_t265,6000,0.5,14.3
2026-07-07 11:29:15,1783420155.883,cam_capture_node,6080,1.5,84.7
2026-07-07 11:29:17,1783420157.910,roscore,5544,0.0,3.9
2026-07-07 11:29:17,1783420157.910,roscore,5624,0.5,3.7
2026-07-07 11:29:17,1783420157.910,roscore,5915,0.5,43.2
2026-07-07 11:29:17,1783420157.910,rs_t265,5985,0.0,43.8
2026-07-07 11:29:17,1783420157.910,rs_t265,5999,6.0,87.6
2026-07-07 11:29:17,1783420157.910,rs_t265,6000,0.5,14.3
2026-07-07 11:29:17,1783420157.910,cam_capture_node,6080,2.0,84.7
2026-07-07 11:29:19,1783420159.925,roscore,5544,0.0,3.9
2026-07-07 11:29:19,1783420159.925,roscore,5624,0.0,3.7
2026-07-07 11:29:19,1783420159.925,roscore,5915,0.0,43.2
2026-07-07 11:29:19,1783420159.925,rs_t265,5985,0.5,43.8
2026-07-07 11:29:19,1783420159.925,rs_t265,5999,5.9,87.6
2026-07-07 11:29:19,1783420159.925,rs_t265,6000,0.5,14.3
2026-07-07 11:29:19,1783420159.925,cam_capture_node,6080,1.5,84.7
2026-07-07 11:29:21,1783420161.953,roscore,5544,0.0,3.9
2026-07-07 11:29:21,1783420161.953,roscore,5624,0.0,3.7
2026-07-07 11:29:21,1783420161.953,roscore,5915,0.5,43.2
2026-07-07 11:29:21,1783420161.953,rs_t265,5985,0.5,43.8
2026-07-07 11:29:21,1783420161.953,rs_t265,5999,6.4,87.6
2026-07-07 11:29:21,1783420161.953,rs_t265,6000,0.0,14.3
2026-07-07 11:29:21,1783420161.953,cam_capture_node,6080,1.5,84.7
2026-07-07 11:29:23,1783420163.980,roscore,5544,0.0,3.9
2026-07-07 11:29:23,1783420163.980,roscore,5624,0.0,3.7
2026-07-07 11:29:23,1783420163.980,roscore,5915,0.0,43.2
2026-07-07 11:29:23,1783420163.980,rs_t265,5985,0.5,43.8
2026-07-07 11:29:23,1783420163.980,rs_t265,5999,4.9,87.6
2026-07-07 11:29:23,1783420163.980,rs_t265,6000,0.5,14.3
2026-07-07 11:29:23,1783420163.980,cam_capture_node,6080,2.0,84.7
2026-07-07 11:29:26,1783420166.007,roscore,5544,0.0,3.9
2026-07-07 11:29:26,1783420166.007,roscore,5624,0.0,3.7
2026-07-07 11:29:26,1783420166.007,roscore,5915,0.5,43.2
2026-07-07 11:29:26,1783420166.007,rs_t265,5985,0.0,43.8
2026-07-07 11:29:26,1783420166.007,rs_t265,5999,7.4,87.6
2026-07-07 11:29:26,1783420166.007,rs_t265,6000,0.0,14.3
2026-07-07 11:29:26,1783420166.007,cam_capture_node,6080,1.5,84.7
2026-07-07 11:29:28,1783420168.024,roscore,5544,0.0,3.9
2026-07-07 11:29:28,1783420168.024,roscore,5624,0.5,3.7
2026-07-07 11:29:28,1783420168.024,roscore,5915,0.0,43.2
2026-07-07 11:29:28,1783420168.024,rs_t265,5985,0.5,43.8
2026-07-07 11:29:28,1783420168.024,rs_t265,5999,5.9,87.6
2026-07-07 11:29:28,1783420168.024,rs_t265,6000,0.5,14.3
2026-07-07 11:29:28,1783420168.024,cam_capture_node,6080,2.0,84.7
2026-07-07 11:29:30,1783420170.051,roscore,5544,0.0,3.9
2026-07-07 11:29:30,1783420170.051,roscore,5624,0.0,3.7
2026-07-07 11:29:30,1783420170.051,roscore,5915,0.5,43.2
2026-07-07 11:29:30,1783420170.051,rs_t265,5985,0.0,43.8
2026-07-07 11:29:30,1783420170.051,rs_t265,5999,6.9,87.6
2026-07-07 11:29:30,1783420170.051,rs_t265,6000,0.0,14.3
2026-07-07 11:29:30,1783420170.051,cam_capture_node,6080,2.0,84.7
2026-07-07 11:29:32,1783420172.069,roscore,5544,0.0,3.9
2026-07-07 11:29:32,1783420172.069,roscore,5624,0.0,3.7
2026-07-07 11:29:32,1783420172.069,roscore,5915,0.0,43.2
2026-07-07 11:29:32,1783420172.069,rs_t265,5985,0.5,43.8
2026-07-07 11:29:32,1783420172.069,rs_t265,5999,6.9,87.6
2026-07-07 11:29:32,1783420172.069,rs_t265,6000,0.5,14.3
2026-07-07 11:29:32,1783420172.069,cam_capture_node,6080,1.5,84.7
2026-07-07 11:29:34,1783420174.084,roscore,5544,0.0,3.9
2026-07-07 11:29:34,1783420174.084,roscore,5624,0.0,3.7
2026-07-07 11:29:34,1783420174.084,roscore,5915,0.5,43.2
2026-07-07 11:29:34,1783420174.084,rs_t265,5985,0.0,43.8
2026-07-07 11:29:34,1783420174.084,rs_t265,5999,8.4,87.6
2026-07-07 11:29:34,1783420174.084,rs_t265,6000,0.5,14.3
2026-07-07 11:29:34,1783420174.084,cam_capture_node,6080,1.5,84.7
2026-07-07 11:29:36,1783420176.112,roscore,5544,0.0,3.9
2026-07-07 11:29:36,1783420176.112,roscore,5624,0.0,3.7
2026-07-07 11:29:36,1783420176.112,roscore,5915,0.5,43.2
2026-07-07 11:29:36,1783420176.112,rs_t265,5985,0.5,43.8
2026-07-07 11:29:36,1783420176.112,rs_t265,5999,6.9,87.6
2026-07-07 11:29:36,1783420176.112,rs_t265,6000,0.0,14.3
2026-07-07 11:29:36,1783420176.112,cam_capture_node,6080,2.0,84.7
2026-07-07 11:29:38,1783420178.127,roscore,5544,0.0,3.9
2026-07-07 11:29:38,1783420178.127,roscore,5624,0.5,3.7
2026-07-07 11:29:38,1783420178.127,roscore,5915,0.5,43.2
2026-07-07 11:29:38,1783420178.127,rs_t265,5985,0.0,43.8
2026-07-07 11:29:38,1783420178.127,rs_t265,5999,7.4,87.6
2026-07-07 11:29:38,1783420178.127,rs_t265,6000,0.5,14.3
2026-07-07 11:29:38,1783420178.127,cam_capture_node,6080,1.5,84.7
2026-07-07 11:29:40,1783420180.154,roscore,5544,0.0,3.9
2026-07-07 11:29:40,1783420180.154,roscore,5624,0.0,3.7
2026-07-07 11:29:40,1783420180.154,roscore,5915,0.5,43.2
2026-07-07 11:29:40,1783420180.154,rs_t265,5985,0.5,43.8
2026-07-07 11:29:40,1783420180.154,rs_t265,5999,6.4,87.6
2026-07-07 11:29:40,1783420180.154,rs_t265,6000,0.0,14.3
2026-07-07 11:29:40,1783420180.154,cam_capture_node,6080,2.0,84.7
2026-07-07 11:29:42,1783420182.180,roscore,5544,0.0,3.9
2026-07-07 11:29:42,1783420182.180,roscore,5624,0.5,3.7
2026-07-07 11:29:42,1783420182.180,roscore,5915,0.0,43.2
2026-07-07 11:29:42,1783420182.180,rs_t265,5985,0.0,43.8
2026-07-07 11:29:42,1783420182.180,rs_t265,5999,7.4,87.6
2026-07-07 11:29:42,1783420182.180,rs_t265,6000,0.5,14.3
2026-07-07 11:29:42,1783420182.180,cam_capture_node,6080,1.5,84.7
2026-07-07 11:29:44,1783420184.211,roscore,5544,0.0,3.9
2026-07-07 11:29:44,1783420184.211,roscore,5624,0.0,3.7
2026-07-07 11:29:44,1783420184.211,roscore,5915,0.5,43.2
2026-07-07 11:29:44,1783420184.211,rs_t265,5985,0.5,43.8
2026-07-07 11:29:44,1783420184.211,rs_t265,5999,6.9,87.6
2026-07-07 11:29:44,1783420184.211,rs_t265,6000,0.0,14.3
2026-07-07 11:29:44,1783420184.211,cam_capture_node,6080,2.0,84.7
2026-07-07 11:29:46,1783420186.238,roscore,5544,0.0,3.9
2026-07-07 11:29:46,1783420186.238,roscore,5624,0.0,3.7
2026-07-07 11:29:46,1783420186.238,roscore,5915,0.0,43.2
2026-07-07 11:29:46,1783420186.238,rs_t265,5985,0.5,43.8
2026-07-07 11:29:46,1783420186.238,rs_t265,5999,7.4,87.6
2026-07-07 11:29:46,1783420186.238,rs_t265,6000,0.5,14.3
2026-07-07 11:29:46,1783420186.238,cam_capture_node,6080,2.0,84.7
2026-07-07 11:29:48,1783420188.265,roscore,5544,0.0,3.9
2026-07-07 11:29:48,1783420188.265,roscore,5624,0.0,3.7
2026-07-07 11:29:48,1783420188.265,roscore,5915,0.5,43.2
2026-07-07 11:29:48,1783420188.265,rs_t265,5985,0.0,43.8
2026-07-07 11:29:48,1783420188.265,rs_t265,5999,7.9,87.6
2026-07-07 11:29:48,1783420188.265,rs_t265,6000,0.0,14.3
2026-07-07 11:29:48,1783420188.265,cam_capture_node,6080,1.5,84.7
2026-07-07 11:29:50,1783420190.293,roscore,5544,0.0,3.9
2026-07-07 11:29:50,1783420190.293,roscore,5624,0.0,3.7
2026-07-07 11:29:50,1783420190.293,roscore,5915,0.0,43.2
2026-07-07 11:29:50,1783420190.293,rs_t265,5985,1.0,43.8
2026-07-07 11:29:50,1783420190.293,rs_t265,5999,6.9,87.6
2026-07-07 11:29:50,1783420190.293,rs_t265,6000,0.5,14.3
2026-07-07 11:29:50,1783420190.293,cam_capture_node,6080,1.5,84.7
2026-07-07 11:29:52,1783420192.320,roscore,5544,0.0,3.9
2026-07-07 11:29:52,1783420192.320,roscore,5624,0.0,3.7
2026-07-07 11:29:52,1783420192.320,roscore,5915,0.0,43.2
2026-07-07 11:29:52,1783420192.320,rs_t265,5985,0.0,43.8
2026-07-07 11:29:52,1783420192.320,rs_t265,5999,7.4,87.6
2026-07-07 11:29:52,1783420192.320,rs_t265,6000,0.0,14.3
2026-07-07 11:29:52,1783420192.320,cam_capture_node,6080,1.5,84.7
2026-07-07 11:29:54,1783420194.347,roscore,5544,0.0,3.9
2026-07-07 11:29:54,1783420194.347,roscore,5624,0.0,3.7
2026-07-07 11:29:54,1783420194.347,roscore,5915,0.5,43.2
2026-07-07 11:29:54,1783420194.347,rs_t265,5985,0.0,43.8
2026-07-07 11:29:54,1783420194.347,rs_t265,5999,6.9,87.6
2026-07-07 11:29:54,1783420194.347,rs_t265,6000,0.5,14.3
2026-07-07 11:29:54,1783420194.347,cam_capture_node,6080,1.5,84.7
2026-07-07 11:29:56,1783420196.374,roscore,5544,0.0,3.9
2026-07-07 11:29:56,1783420196.374,roscore,5624,0.5,3.7
2026-07-07 11:29:56,1783420196.374,roscore,5915,0.0,43.2
2026-07-07 11:29:56,1783420196.374,rs_t265,5985,0.5,43.8
2026-07-07 11:29:56,1783420196.374,rs_t265,5999,7.4,87.6
2026-07-07 11:29:56,1783420196.374,rs_t265,6000,0.5,14.3
2026-07-07 11:29:56,1783420196.374,cam_capture_node,6080,2.5,84.7
2026-07-07 11:29:58,1783420198.400,roscore,5544,0.0,3.9
2026-07-07 11:29:58,1783420198.400,roscore,5624,0.0,3.7
2026-07-07 11:29:58,1783420198.400,roscore,5915,0.5,43.2
2026-07-07 11:29:58,1783420198.400,rs_t265,5985,0.0,43.8
2026-07-07 11:29:58,1783420198.400,rs_t265,5999,7.4,87.6
2026-07-07 11:29:58,1783420198.400,rs_t265,6000,0.0,14.3
2026-07-07 11:29:58,1783420198.400,cam_capture_node,6080,1.5,84.7
2026-07-07 11:30:00,1783420200.428,roscore,5544,0.0,3.9
2026-07-07 11:30:00,1783420200.428,roscore,5624,0.0,3.7
2026-07-07 11:30:00,1783420200.428,roscore,5915,0.5,43.2
2026-07-07 11:30:00,1783420200.428,rs_t265,5985,0.5,43.8
2026-07-07 11:30:00,1783420200.428,rs_t265,5999,6.9,87.6
2026-07-07 11:30:00,1783420200.428,rs_t265,6000,0.5,14.3
2026-07-07 11:30:00,1783420200.428,cam_capture_node,6080,1.5,84.7
2026-07-07 11:30:02,1783420202.455,roscore,5544,0.0,3.9
2026-07-07 11:30:02,1783420202.455,roscore,5624,0.0,3.7
2026-07-07 11:30:02,1783420202.455,roscore,5915,0.5,43.2
2026-07-07 11:30:02,1783420202.455,rs_t265,5985,0.0,43.8
2026-07-07 11:30:02,1783420202.455,rs_t265,5999,7.9,87.6
2026-07-07 11:30:02,1783420202.455,rs_t265,6000,0.5,14.3
2026-07-07 11:30:02,1783420202.455,cam_capture_node,6080,2.5,84.7
2026-07-07 11:30:04,1783420204.479,roscore,5544,0.0,3.9
2026-07-07 11:30:04,1783420204.479,roscore,5624,0.0,3.7
2026-07-07 11:30:04,1783420204.479,roscore,5915,0.5,43.2
2026-07-07 11:30:04,1783420204.479,rs_t265,5985,0.5,43.8
2026-07-07 11:30:04,1783420204.479,rs_t265,5999,9.3,87.6
2026-07-07 11:30:04,1783420204.479,rs_t265,6000,0.0,14.3
2026-07-07 11:30:04,1783420204.479,cam_capture_node,6080,2.0,84.7
2026-07-07 11:30:06,1783420206.518,roscore,5544,0.0,3.9
2026-07-07 11:30:06,1783420206.518,roscore,5624,0.5,3.7
2026-07-07 11:30:06,1783420206.518,roscore,5915,0.0,43.2
2026-07-07 11:30:06,1783420206.518,rs_t265,5985,0.5,43.8
2026-07-07 11:30:06,1783420206.518,rs_t265,5999,9.8,87.6
2026-07-07 11:30:06,1783420206.518,rs_t265,6000,0.0,14.3
2026-07-07 11:30:06,1783420206.518,cam_capture_node,6080,2.5,84.7
2026-07-07 11:30:08,1783420208.554,roscore,5544,0.0,3.9
2026-07-07 11:30:08,1783420208.554,roscore,5624,0.0,3.7
2026-07-07 11:30:08,1783420208.554,roscore,5915,0.5,43.2
2026-07-07 11:30:08,1783420208.554,rs_t265,5985,1.0,43.8
2026-07-07 11:30:08,1783420208.554,rs_t265,5999,7.9,87.6
2026-07-07 11:30:08,1783420208.554,rs_t265,6000,1.0,14.3
2026-07-07 11:30:08,1783420208.554,cam_capture_node,6080,2.5,84.7
2026-07-07 11:30:10,1783420210.583,roscore,5544,0.0,3.9
2026-07-07 11:30:10,1783420210.583,roscore,5624,0.5,3.7
2026-07-07 11:30:10,1783420210.583,roscore,5915,0.0,43.2
2026-07-07 11:30:10,1783420210.583,rs_t265,5985,0.0,43.8
2026-07-07 11:30:10,1783420210.583,rs_t265,5999,6.5,87.6
2026-07-07 11:30:10,1783420210.583,rs_t265,6000,0.0,14.3
2026-07-07 11:30:10,1783420210.583,cam_capture_node,6080,1.5,84.7
2026-07-07 11:30:12,1783420212.597,roscore,5544,0.0,3.9
2026-07-07 11:30:12,1783420212.597,roscore,5624,0.0,3.7
2026-07-07 11:30:12,1783420212.597,roscore,5915,0.5,43.2
2026-07-07 11:30:12,1783420212.597,rs_t265,5985,0.0,43.8
2026-07-07 11:30:12,1783420212.597,rs_t265,5999,5.9,87.6
2026-07-07 11:30:12,1783420212.597,rs_t265,6000,0.5,14.3
2026-07-07 11:30:12,1783420212.597,cam_capture_node,6080,1.5,84.7
2026-07-07 11:30:14,1783420214.626,roscore,5544,0.0,3.9
2026-07-07 11:30:14,1783420214.626,roscore,5624,0.0,3.7
2026-07-07 11:30:14,1783420214.626,roscore,5915,0.0,43.2
2026-07-07 11:30:14,1783420214.626,rs_t265,5985,0.5,43.8
2026-07-07 11:30:14,1783420214.626,rs_t265,5999,6.5,87.6
2026-07-07 11:30:14,1783420214.626,rs_t265,6000,0.0,14.3
2026-07-07 11:30:14,1783420214.626,cam_capture_node,6080,1.5,84.7
2026-07-07 11:30:16,1783420216.641,roscore,5544,0.0,3.9
2026-07-07 11:30:16,1783420216.641,roscore,5624,0.0,3.7
2026-07-07 11:30:16,1783420216.641,roscore,5915,0.5,43.2
2026-07-07 11:30:16,1783420216.641,rs_t265,5985,0.0,43.8
2026-07-07 11:30:16,1783420216.641,rs_t265,5999,7.4,87.6
2026-07-07 11:30:16,1783420216.641,rs_t265,6000,0.5,14.3
2026-07-07 11:30:16,1783420216.641,cam_capture_node,6080,2.0,84.7
2026-07-07 11:30:18,1783420218.669,roscore,5544,0.0,3.9
2026-07-07 11:30:18,1783420218.669,roscore,5624,0.0,3.7
2026-07-07 11:30:18,1783420218.669,roscore,5915,0.0,43.2
2026-07-07 11:30:18,1783420218.669,rs_t265,5985,0.5,43.8
2026-07-07 11:30:18,1783420218.669,rs_t265,5999,7.5,87.6
2026-07-07 11:30:18,1783420218.669,rs_t265,6000,0.0,14.3
2026-07-07 11:30:18,1783420218.669,cam_capture_node,6080,1.5,84.7
2026-07-07 11:30:20,1783420220.680,roscore,5544,0.0,3.9
2026-07-07 11:30:20,1783420220.680,roscore,5624,0.5,3.7
2026-07-07 11:30:20,1783420220.680,roscore,5915,0.5,43.2
2026-07-07 11:30:20,1783420220.680,rs_t265,5985,0.5,43.8
2026-07-07 11:30:20,1783420220.680,rs_t265,5999,5.9,87.6
2026-07-07 11:30:20,1783420220.680,rs_t265,6000,0.5,14.3
2026-07-07 11:30:20,1783420220.680,cam_capture_node,6080,1.0,84.7
2026-07-07 11:30:22,1783420222.710,roscore,5544,0.0,3.9
2026-07-07 11:30:22,1783420222.710,roscore,5624,0.0,3.7
2026-07-07 11:30:22,1783420222.710,roscore,5915,0.0,43.2
2026-07-07 11:30:22,1783420222.710,rs_t265,5985,0.0,43.8
2026-07-07 11:30:22,1783420222.710,rs_t265,5999,5.9,87.6
2026-07-07 11:30:22,1783420222.710,rs_t265,6000,0.5,14.3
2026-07-07 11:30:22,1783420222.710,cam_capture_node,6080,2.0,84.7
2026-07-07 11:30:24,1783420224.731,roscore,5544,0.0,3.9
2026-07-07 11:30:24,1783420224.731,roscore,5624,0.0,3.7
2026-07-07 11:30:24,1783420224.731,roscore,5915,0.5,43.2
2026-07-07 11:30:24,1783420224.731,rs_t265,5985,0.5,43.8
2026-07-07 11:30:24,1783420224.731,rs_t265,5999,5.9,87.6
2026-07-07 11:30:24,1783420224.731,rs_t265,6000,0.0,14.3
2026-07-07 11:30:24,1783420224.731,cam_capture_node,6080,1.5,84.7
2026-07-07 11:30:26,1783420226.758,roscore,5544,0.0,3.9
2026-07-07 11:30:26,1783420226.758,roscore,5624,0.0,3.7
2026-07-07 11:30:26,1783420226.758,roscore,5915,0.0,43.2
2026-07-07 11:30:26,1783420226.758,rs_t265,5985,0.5,43.8
2026-07-07 11:30:26,1783420226.758,rs_t265,5999,6.9,87.6
2026-07-07 11:30:26,1783420226.758,rs_t265,6000,0.0,14.3
2026-07-07 11:30:26,1783420226.758,cam_capture_node,6080,1.5,84.7
2026-07-07 11:30:28,1783420228.785,roscore,5544,0.0,3.9
2026-07-07 11:30:28,1783420228.785,roscore,5624,0.0,3.7
2026-07-07 11:30:28,1783420228.785,roscore,5915,0.5,43.2
2026-07-07 11:30:28,1783420228.785,rs_t265,5985,0.0,43.8
2026-07-07 11:30:28,1783420228.785,rs_t265,5999,6.4,87.6
2026-07-07 11:30:28,1783420228.785,rs_t265,6000,1.0,14.3
2026-07-07 11:30:28,1783420228.785,cam_capture_node,6080,2.0,84.7
2026-07-07 11:30:30,1783420230.813,roscore,5544,0.0,3.9
2026-07-07 11:30:30,1783420230.813,roscore,5624,0.5,3.7
2026-07-07 11:30:30,1783420230.813,roscore,5915,0.0,43.2
2026-07-07 11:30:30,1783420230.813,rs_t265,5985,0.0,43.8
2026-07-07 11:30:30,1783420230.813,rs_t265,5999,5.9,87.6
2026-07-07 11:30:30,1783420230.813,rs_t265,6000,0.0,14.3
2026-07-07 11:30:30,1783420230.813,cam_capture_node,6080,1.5,84.7
2026-07-07 11:30:32,1783420232.840,roscore,5544,0.0,3.9
2026-07-07 11:30:32,1783420232.840,roscore,5624,0.0,3.7
2026-07-07 11:30:32,1783420232.840,roscore,5915,0.5,43.2
2026-07-07 11:30:32,1783420232.840,rs_t265,5985,0.5,43.8
2026-07-07 11:30:32,1783420232.840,rs_t265,5999,7.9,87.6
2026-07-07 11:30:32,1783420232.840,rs_t265,6000,0.0,14.3
2026-07-07 11:30:32,1783420232.840,cam_capture_node,6080,1.5,84.7
2026-07-07 11:30:34,1783420234.867,roscore,5544,0.0,3.9
2026-07-07 11:30:34,1783420234.867,roscore,5624,0.0,3.7
2026-07-07 11:30:34,1783420234.867,roscore,5915,0.0,43.2
2026-07-07 11:30:34,1783420234.867,rs_t265,5985,0.5,43.8
2026-07-07 11:30:34,1783420234.867,rs_t265,5999,6.4,87.6
2026-07-07 11:30:34,1783420234.867,rs_t265,6000,0.5,14.3
2026-07-07 11:30:34,1783420234.867,cam_capture_node,6080,1.5,84.7
2026-07-07 11:30:36,1783420236.894,roscore,5544,0.0,3.9
2026-07-07 11:30:36,1783420236.894,roscore,5624,0.5,3.7
2026-07-07 11:30:36,1783420236.894,roscore,5915,1.0,43.2
2026-07-07 11:30:36,1783420236.894,rs_t265,5985,0.0,43.8
2026-07-07 11:30:36,1783420236.894,rs_t265,5999,6.9,87.6
2026-07-07 11:30:36,1783420236.894,rs_t265,6000,0.5,14.3
2026-07-07 11:30:36,1783420236.894,cam_capture_node,6080,1.5,84.7
2026-07-07 11:30:38,1783420238.921,roscore,5544,0.0,3.9
2026-07-07 11:30:38,1783420238.921,roscore,5624,0.0,3.7
2026-07-07 11:30:38,1783420238.921,roscore,5915,0.0,43.2
2026-07-07 11:30:38,1783420238.921,rs_t265,5985,0.5,43.8
2026-07-07 11:30:38,1783420238.921,rs_t265,5999,6.9,87.6
2026-07-07 11:30:38,1783420238.921,rs_t265,6000,0.5,14.3
2026-07-07 11:30:38,1783420238.921,cam_capture_node,6080,1.5,84.7
2026-07-07 11:30:40,1783420240.949,roscore,5544,0.0,3.9
2026-07-07 11:30:40,1783420240.949,roscore,5624,0.0,3.7
2026-07-07 11:30:40,1783420240.949,roscore,5915,0.5,43.2
2026-07-07 11:30:40,1783420240.949,rs_t265,5985,0.0,43.8
2026-07-07 11:30:40,1783420240.949,rs_t265,5999,6.4,87.6
2026-07-07 11:30:40,1783420240.949,rs_t265,6000,0.0,14.3
2026-07-07 11:30:40,1783420240.949,cam_capture_node,6080,1.5,84.7
2026-07-07 11:30:42,1783420242.976,roscore,5544,0.0,3.9
2026-07-07 11:30:42,1783420242.976,roscore,5624,0.0,3.7
2026-07-07 11:30:42,1783420242.976,roscore,5915,0.0,43.2
2026-07-07 11:30:42,1783420242.976,rs_t265,5985,1.0,43.8
2026-07-07 11:30:42,1783420242.976,rs_t265,5999,6.9,87.6
2026-07-07 11:30:42,1783420242.976,rs_t265,6000,0.0,14.3
2026-07-07 11:30:42,1783420242.976,cam_capture_node,6080,1.5,84.7
2026-07-07 11:30:44,1783420244.992,roscore,5544,0.0,3.9
2026-07-07 11:30:44,1783420244.992,roscore,5624,0.0,3.7
2026-07-07 11:30:44,1783420244.992,roscore,5915,0.5,43.2
2026-07-07 11:30:44,1783420244.992,rs_t265,5985,0.0,43.8
2026-07-07 11:30:44,1783420244.992,rs_t265,5999,7.4,87.6
2026-07-07 11:30:44,1783420244.992,rs_t265,6000,0.5,14.3
2026-07-07 11:30:44,1783420244.992,cam_capture_node,6080,2.0,84.7
2026-07-07 11:30:47,1783420247.020,roscore,5544,0.0,3.9
2026-07-07 11:30:47,1783420247.020,roscore,5624,0.5,3.7
2026-07-07 11:30:47,1783420247.020,roscore,5915,0.0,43.2
2026-07-07 11:30:47,1783420247.020,rs_t265,5985,0.5,43.8
2026-07-07 11:30:47,1783420247.020,rs_t265,5999,6.4,87.6
2026-07-07 11:30:47,1783420247.020,rs_t265,6000,0.0,14.3
2026-07-07 11:30:47,1783420247.020,cam_capture_node,6080,1.0,84.7
2026-07-07 11:30:49,1783420249.047,roscore,5544,0.0,3.9
2026-07-07 11:30:49,1783420249.047,roscore,5624,0.5,3.7
2026-07-07 11:30:49,1783420249.047,roscore,5915,0.5,43.2
2026-07-07 11:30:49,1783420249.047,rs_t265,5985,0.0,43.8
2026-07-07 11:30:49,1783420249.047,rs_t265,5999,8.9,87.6
2026-07-07 11:30:49,1783420249.047,rs_t265,6000,0.5,14.3
2026-07-07 11:30:49,1783420249.047,cam_capture_node,6080,2.0,84.7
2026-07-07 11:30:51,1783420251.075,roscore,5544,0.0,3.9
2026-07-07 11:30:51,1783420251.075,roscore,5624,0.0,3.7
2026-07-07 11:30:51,1783420251.075,roscore,5915,0.5,43.2
2026-07-07 11:30:51,1783420251.075,rs_t265,5985,0.5,43.8
2026-07-07 11:30:51,1783420251.075,rs_t265,5999,7.9,87.6
2026-07-07 11:30:51,1783420251.075,rs_t265,6000,0.0,14.3
2026-07-07 11:30:51,1783420251.075,cam_capture_node,6080,1.0,84.7
2026-07-07 11:30:53,1783420253.102,roscore,5544,0.0,3.9
2026-07-07 11:30:53,1783420253.102,roscore,5624,0.0,3.7
2026-07-07 11:30:53,1783420253.102,roscore,5915,0.0,43.2
2026-07-07 11:30:53,1783420253.102,rs_t265,5985,0.0,43.8
2026-07-07 11:30:53,1783420253.102,rs_t265,5999,6.4,87.6
2026-07-07 11:30:53,1783420253.102,rs_t265,6000,1.0,14.3
2026-07-07 11:30:53,1783420253.102,cam_capture_node,6080,2.0,84.7
2026-07-07 11:30:55,1783420255.130,roscore,5544,0.0,3.9
2026-07-07 11:30:55,1783420255.130,roscore,5624,0.0,3.7
2026-07-07 11:30:55,1783420255.130,roscore,5915,0.5,43.2
2026-07-07 11:30:55,1783420255.130,rs_t265,5985,0.5,43.8
2026-07-07 11:30:55,1783420255.130,rs_t265,5999,7.9,87.6
2026-07-07 11:30:55,1783420255.130,rs_t265,6000,0.0,14.3
2026-07-07 11:30:55,1783420255.130,cam_capture_node,6080,1.0,84.7
2026-07-07 11:30:57,1783420257.157,roscore,5544,0.0,3.9
2026-07-07 11:30:57,1783420257.157,roscore,5624,0.0,3.7
2026-07-07 11:30:57,1783420257.157,roscore,5915,0.5,43.2
2026-07-07 11:30:57,1783420257.157,rs_t265,5985,0.0,43.8
2026-07-07 11:30:57,1783420257.157,rs_t265,5999,6.9,87.6
2026-07-07 11:30:57,1783420257.157,rs_t265,6000,0.5,14.3
2026-07-07 11:30:57,1783420257.157,cam_capture_node,6080,1.5,84.7
2026-07-07 11:30:59,1783420259.172,roscore,5544,0.0,3.9
2026-07-07 11:30:59,1783420259.172,roscore,5624,0.0,3.7
2026-07-07 11:30:59,1783420259.172,roscore,5915,0.5,43.2
2026-07-07 11:30:59,1783420259.172,rs_t265,5985,1.0,43.8
2026-07-07 11:30:59,1783420259.172,rs_t265,5999,7.4,87.6
2026-07-07 11:30:59,1783420259.172,rs_t265,6000,0.0,14.3
2026-07-07 11:30:59,1783420259.172,cam_capture_node,6080,2.0,84.7
2026-07-07 11:31:01,1783420261.188,roscore,5544,0.0,3.9
2026-07-07 11:31:01,1783420261.188,roscore,5624,0.0,3.7
2026-07-07 11:31:01,1783420261.188,roscore,5915,0.5,43.2
2026-07-07 11:31:01,1783420261.188,rs_t265,5985,0.0,43.8
2026-07-07 11:31:01,1783420261.188,rs_t265,5999,7.4,87.6
2026-07-07 11:31:01,1783420261.188,rs_t265,6000,0.5,14.3
2026-07-07 11:31:01,1783420261.188,cam_capture_node,6080,2.0,84.7
2026-07-07 11:31:03,1783420263.203,roscore,5544,0.0,3.9
2026-07-07 11:31:03,1783420263.203,roscore,5624,0.5,3.7
2026-07-07 11:31:03,1783420263.203,roscore,5915,0.0,43.2
2026-07-07 11:31:03,1783420263.203,rs_t265,5985,0.5,43.8
2026-07-07 11:31:03,1783420263.203,rs_t265,5999,6.9,87.6
2026-07-07 11:31:03,1783420263.203,rs_t265,6000,0.5,14.3
2026-07-07 11:31:03,1783420263.203,cam_capture_node,6080,1.5,84.7
2026-07-07 11:31:05,1783420265.231,roscore,5544,0.0,3.9
2026-07-07 11:31:05,1783420265.231,roscore,5624,0.0,3.7
2026-07-07 11:31:05,1783420265.231,roscore,5915,0.5,43.2
2026-07-07 11:31:05,1783420265.231,rs_t265,5985,0.0,43.8
2026-07-07 11:31:05,1783420265.231,rs_t265,5999,6.4,87.6
2026-07-07 11:31:05,1783420265.231,rs_t265,6000,0.5,14.3
2026-07-07 11:31:05,1783420265.231,cam_capture_node,6080,2.0,84.7
2026-07-07 11:31:07,1783420267.246,roscore,5544,0.0,3.9
2026-07-07 11:31:07,1783420267.246,roscore,5624,0.0,3.7
2026-07-07 11:31:07,1783420267.246,roscore,5915,0.5,43.2
2026-07-07 11:31:07,1783420267.246,rs_t265,5985,0.5,43.8
2026-07-07 11:31:07,1783420267.246,rs_t265,5999,6.9,87.6
2026-07-07 11:31:07,1783420267.246,rs_t265,6000,0.0,14.3
2026-07-07 11:31:07,1783420267.246,cam_capture_node,6080,1.0,84.7
2026-07-07 11:31:09,1783420269.274,roscore,5544,0.0,3.9
2026-07-07 11:31:09,1783420269.274,roscore,5624,0.0,3.7
2026-07-07 11:31:09,1783420269.274,roscore,5915,0.0,43.2
2026-07-07 11:31:09,1783420269.274,rs_t265,5985,0.5,43.8
2026-07-07 11:31:09,1783420269.274,rs_t265,5999,6.4,87.6
2026-07-07 11:31:09,1783420269.274,rs_t265,6000,0.0,14.3
2026-07-07 11:31:09,1783420269.274,cam_capture_node,6080,1.5,84.7
2026-07-07 11:31:11,1783420271.301,roscore,5544,0.0,3.9
2026-07-07 11:31:11,1783420271.301,roscore,5624,0.0,3.7
2026-07-07 11:31:11,1783420271.301,roscore,5915,0.0,43.2
2026-07-07 11:31:11,1783420271.301,rs_t265,5985,0.0,43.8
2026-07-07 11:31:11,1783420271.301,rs_t265,5999,7.9,87.6
2026-07-07 11:31:11,1783420271.301,rs_t265,6000,1.0,14.3
2026-07-07 11:31:11,1783420271.301,cam_capture_node,6080,1.5,84.7
2026-07-07 11:31:13,1783420273.317,roscore,5544,0.0,3.9
2026-07-07 11:31:13,1783420273.317,roscore,5624,0.5,3.7
2026-07-07 11:31:13,1783420273.317,roscore,5915,0.5,43.2
2026-07-07 11:31:13,1783420273.317,rs_t265,5985,0.5,43.8
2026-07-07 11:31:13,1783420273.317,rs_t265,5999,7.4,87.6
2026-07-07 11:31:13,1783420273.317,rs_t265,6000,0.0,14.3
2026-07-07 11:31:13,1783420273.317,cam_capture_node,6080,2.0,84.7
2026-07-07 11:31:15,1783420275.335,roscore,5544,0.0,3.9
2026-07-07 11:31:15,1783420275.335,roscore,5624,0.0,3.7
2026-07-07 11:31:15,1783420275.335,roscore,5915,0.0,43.2
2026-07-07 11:31:15,1783420275.335,rs_t265,5985,0.0,43.8
2026-07-07 11:31:15,1783420275.335,rs_t265,5999,6.9,87.6
2026-07-07 11:31:15,1783420275.335,rs_t265,6000,0.0,14.3
2026-07-07 11:31:15,1783420275.335,cam_capture_node,6080,1.5,84.7
2026-07-07 11:31:17,1783420277.363,roscore,5544,0.0,3.9
2026-07-07 11:31:17,1783420277.363,roscore,5624,0.0,3.7
2026-07-07 11:31:17,1783420277.363,roscore,5915,1.0,43.2
2026-07-07 11:31:17,1783420277.363,rs_t265,5985,0.5,43.8
2026-07-07 11:31:17,1783420277.363,rs_t265,5999,6.9,87.6
2026-07-07 11:31:17,1783420277.363,rs_t265,6000,1.0,14.3
2026-07-07 11:31:17,1783420277.363,cam_capture_node,6080,1.5,84.7
2026-07-07 11:31:19,1783420279.390,roscore,5544,0.0,3.9
2026-07-07 11:31:19,1783420279.390,roscore,5624,0.5,3.7
2026-07-07 11:31:19,1783420279.390,roscore,5915,0.0,43.2
2026-07-07 11:31:19,1783420279.390,rs_t265,5985,0.5,43.8
2026-07-07 11:31:19,1783420279.390,rs_t265,5999,7.9,87.6
2026-07-07 11:31:19,1783420279.390,rs_t265,6000,0.0,14.3
2026-07-07 11:31:19,1783420279.390,cam_capture_node,6080,1.5,84.7
2026-07-07 11:31:21,1783420281.418,roscore,5544,0.0,3.9
2026-07-07 11:31:21,1783420281.418,roscore,5624,0.0,3.7
2026-07-07 11:31:21,1783420281.418,roscore,5915,0.0,43.2
2026-07-07 11:31:21,1783420281.418,rs_t265,5985,0.0,43.8
2026-07-07 11:31:21,1783420281.418,rs_t265,5999,6.4,87.6
2026-07-07 11:31:21,1783420281.418,rs_t265,6000,0.5,14.3
2026-07-07 11:31:21,1783420281.418,cam_capture_node,6080,1.5,84.7
2026-07-07 11:31:23,1783420283.433,roscore,5544,0.0,3.9
2026-07-07 11:31:23,1783420283.433,roscore,5624,0.0,3.7
2026-07-07 11:31:23,1783420283.433,roscore,5915,0.5,43.2
2026-07-07 11:31:23,1783420283.433,rs_t265,5985,0.5,43.8
2026-07-07 11:31:23,1783420283.433,rs_t265,5999,6.9,87.6
2026-07-07 11:31:23,1783420283.433,rs_t265,6000,0.5,14.3
2026-07-07 11:31:23,1783420283.433,cam_capture_node,6080,1.5,84.7
2026-07-07 11:31:25,1783420285.468,roscore,5544,0.0,3.9
2026-07-07 11:31:25,1783420285.468,roscore,5624,0.0,3.7
2026-07-07 11:31:25,1783420285.468,roscore,5915,0.0,43.2
2026-07-07 11:31:25,1783420285.468,rs_t265,5985,0.5,43.8
2026-07-07 11:31:25,1783420285.468,rs_t265,5999,7.4,87.6
2026-07-07 11:31:25,1783420285.468,rs_t265,6000,0.5,14.3
2026-07-07 11:31:25,1783420285.468,cam_capture_node,6080,1.5,84.7
2026-07-07 11:31:27,1783420287.494,roscore,5544,0.0,3.9
2026-07-07 11:31:27,1783420287.494,roscore,5624,0.0,3.7
2026-07-07 11:31:27,1783420287.494,roscore,5915,0.5,43.2
2026-07-07 11:31:27,1783420287.494,rs_t265,5985,0.0,43.8
2026-07-07 11:31:27,1783420287.494,rs_t265,5999,6.5,87.6
2026-07-07 11:31:27,1783420287.494,rs_t265,6000,0.0,14.3
2026-07-07 11:31:27,1783420287.494,cam_capture_node,6080,2.0,84.7
2026-07-07 11:31:29,1783420289.508,roscore,5544,0.0,3.9
2026-07-07 11:31:29,1783420289.508,roscore,5624,0.0,3.7
2026-07-07 11:31:29,1783420289.508,roscore,5915,0.5,43.2
2026-07-07 11:31:29,1783420289.508,rs_t265,5985,0.5,43.8
2026-07-07 11:31:29,1783420289.508,rs_t265,5999,5.9,87.6
2026-07-07 11:31:29,1783420289.508,rs_t265,6000,0.5,14.3
2026-07-07 11:31:29,1783420289.508,cam_capture_node,6080,1.5,84.7
2026-07-07 11:31:31,1783420291.536,roscore,5544,0.0,3.9
2026-07-07 11:31:31,1783420291.536,roscore,5624,0.5,3.7
2026-07-07 11:31:31,1783420291.536,roscore,5915,0.0,43.2
2026-07-07 11:31:31,1783420291.536,rs_t265,5985,0.5,43.8
2026-07-07 11:31:31,1783420291.536,rs_t265,5999,7.4,87.6
2026-07-07 11:31:31,1783420291.536,rs_t265,6000,0.0,14.3
2026-07-07 11:31:31,1783420291.536,cam_capture_node,6080,1.5,84.7
2026-07-07 11:31:33,1783420293.551,roscore,5544,0.0,3.9
2026-07-07 11:31:33,1783420293.551,roscore,5624,0.0,3.7
2026-07-07 11:31:33,1783420293.551,roscore,5915,0.5,43.2
2026-07-07 11:31:33,1783420293.551,rs_t265,5985,0.0,43.8
2026-07-07 11:31:33,1783420293.551,rs_t265,5999,7.4,87.6
2026-07-07 11:31:33,1783420293.551,rs_t265,6000,0.0,14.3
2026-07-07 11:31:33,1783420293.551,cam_capture_node,6080,1.5,84.7
2026-07-07 11:31:35,1783420295.579,roscore,5544,0.0,3.9
2026-07-07 11:31:35,1783420295.579,roscore,5624,0.5,3.7
2026-07-07 11:31:35,1783420295.579,roscore,5915,0.0,43.2
2026-07-07 11:31:35,1783420295.579,rs_t265,5985,0.5,43.8
2026-07-07 11:31:35,1783420295.579,rs_t265,5999,8.4,87.6
2026-07-07 11:31:35,1783420295.579,rs_t265,6000,0.5,14.3
2026-07-07 11:31:35,1783420295.579,cam_capture_node,6080,1.5,84.7
2026-07-07 11:31:37,1783420297.603,roscore,5544,0.0,3.9
2026-07-07 11:31:37,1783420297.603,roscore,5624,0.0,3.7
2026-07-07 11:31:37,1783420297.603,roscore,5915,1.0,43.2
2026-07-07 11:31:37,1783420297.603,rs_t265,5985,0.5,43.8
2026-07-07 11:31:37,1783420297.603,rs_t265,5999,7.9,87.6
2026-07-07 11:31:37,1783420297.603,rs_t265,6000,0.5,14.3
2026-07-07 11:31:37,1783420297.603,cam_capture_node,6080,1.5,84.7
2026-07-07 11:31:39,1783420299.619,roscore,5544,0.0,3.9
2026-07-07 11:31:39,1783420299.619,roscore,5624,0.0,3.7
2026-07-07 11:31:39,1783420299.619,roscore,5915,0.0,43.2
2026-07-07 11:31:39,1783420299.619,rs_t265,5985,0.0,43.8
2026-07-07 11:31:39,1783420299.619,rs_t265,5999,7.4,87.6
2026-07-07 11:31:39,1783420299.619,rs_t265,6000,0.5,14.3
2026-07-07 11:31:39,1783420299.619,cam_capture_node,6080,1.5,84.7
2026-07-07 11:31:41,1783420301.646,roscore,5544,0.0,3.9
2026-07-07 11:31:41,1783420301.646,roscore,5624,0.0,3.7
2026-07-07 11:31:41,1783420301.646,roscore,5915,0.5,43.2
2026-07-07 11:31:41,1783420301.646,rs_t265,5985,0.5,43.8
2026-07-07 11:31:41,1783420301.646,rs_t265,5999,6.9,87.6
2026-07-07 11:31:41,1783420301.646,rs_t265,6000,0.0,14.3
2026-07-07 11:31:41,1783420301.646,cam_capture_node,6080,1.5,84.7
2026-07-07 11:31:43,1783420303.673,roscore,5544,0.0,3.9
2026-07-07 11:31:43,1783420303.673,roscore,5624,0.0,3.7
2026-07-07 11:31:43,1783420303.673,roscore,5915,0.0,43.2
2026-07-07 11:31:43,1783420303.673,rs_t265,5985,0.5,43.8
2026-07-07 11:31:43,1783420303.673,rs_t265,5999,6.9,87.6
2026-07-07 11:31:43,1783420303.673,rs_t265,6000,0.5,14.3
2026-07-07 11:31:43,1783420303.673,cam_capture_node,6080,1.5,84.7
2026-07-07 11:31:45,1783420305.703,roscore,5544,0.0,3.9
2026-07-07 11:31:45,1783420305.703,roscore,5624,0.0,3.7
2026-07-07 11:31:45,1783420305.703,roscore,5915,0.5,43.2
2026-07-07 11:31:45,1783420305.703,rs_t265,5985,0.0,43.8
2026-07-07 11:31:45,1783420305.703,rs_t265,5999,7.9,87.6
2026-07-07 11:31:45,1783420305.703,rs_t265,6000,0.0,14.3
2026-07-07 11:31:45,1783420305.703,cam_capture_node,6080,2.0,84.7
2026-07-07 11:31:47,1783420307.730,roscore,5544,0.0,3.9
2026-07-07 11:31:47,1783420307.730,roscore,5624,0.5,3.7
2026-07-07 11:31:47,1783420307.730,roscore,5915,0.0,43.2
2026-07-07 11:31:47,1783420307.730,rs_t265,5985,0.5,43.8
2026-07-07 11:31:47,1783420307.730,rs_t265,5999,7.4,87.6
2026-07-07 11:31:47,1783420307.730,rs_t265,6000,1.0,14.3
2026-07-07 11:31:47,1783420307.730,cam_capture_node,6080,1.5,84.7
2026-07-07 11:31:49,1783420309.765,roscore,5544,0.0,3.9
2026-07-07 11:31:49,1783420309.765,roscore,5624,0.0,3.7
2026-07-07 11:31:49,1783420309.765,roscore,5915,0.5,43.2
2026-07-07 11:31:49,1783420309.765,rs_t265,5985,0.0,43.8
2026-07-07 11:31:49,1783420309.765,rs_t265,5999,6.4,87.6
2026-07-07 11:31:49,1783420309.765,rs_t265,6000,0.0,14.3
2026-07-07 11:31:49,1783420309.765,cam_capture_node,6080,2.0,84.7
2026-07-07 11:31:51,1783420311.793,roscore,5544,0.0,3.9
2026-07-07 11:31:51,1783420311.793,roscore,5624,0.0,3.7
2026-07-07 11:31:51,1783420311.793,roscore,5915,0.5,43.2
2026-07-07 11:31:51,1783420311.793,rs_t265,5985,0.5,43.8
2026-07-07 11:31:51,1783420311.793,rs_t265,5999,6.9,87.6
2026-07-07 11:31:51,1783420311.793,rs_t265,6000,0.0,14.3
2026-07-07 11:31:51,1783420311.793,cam_capture_node,6080,1.5,84.7
2026-07-07 11:31:53,1783420313.819,roscore,5544,0.0,3.9
2026-07-07 11:31:53,1783420313.819,roscore,5624,0.5,3.7
2026-07-07 11:31:53,1783420313.819,roscore,5915,0.5,43.2
2026-07-07 11:31:53,1783420313.819,rs_t265,5985,0.0,43.8
2026-07-07 11:31:53,1783420313.819,rs_t265,5999,7.4,87.6
2026-07-07 11:31:53,1783420313.819,rs_t265,6000,1.0,14.3
2026-07-07 11:31:53,1783420313.819,cam_capture_node,6080,1.5,84.7
2026-07-07 11:31:55,1783420315.846,roscore,5544,0.0,3.9
2026-07-07 11:31:55,1783420315.846,roscore,5624,0.0,3.7
2026-07-07 11:31:55,1783420315.846,roscore,5915,0.5,43.2
2026-07-07 11:31:55,1783420315.846,rs_t265,5985,0.5,43.8
2026-07-07 11:31:55,1783420315.846,rs_t265,5999,6.9,87.6
2026-07-07 11:31:55,1783420315.846,rs_t265,6000,0.0,14.3
2026-07-07 11:31:55,1783420315.846,cam_capture_node,6080,2.0,84.7
2026-07-07 11:31:57,1783420317.871,roscore,5544,0.0,3.9
2026-07-07 11:31:57,1783420317.871,roscore,5624,0.0,3.7
2026-07-07 11:31:57,1783420317.871,roscore,5915,0.0,43.2
2026-07-07 11:31:57,1783420317.871,rs_t265,5985,0.5,43.8
2026-07-07 11:31:57,1783420317.871,rs_t265,5999,7.4,87.6
2026-07-07 11:31:57,1783420317.871,rs_t265,6000,0.0,14.3
2026-07-07 11:31:57,1783420317.871,cam_capture_node,6080,1.0,84.7
2026-07-07 11:31:59,1783420319.898,roscore,5544,0.0,3.9
2026-07-07 11:31:59,1783420319.898,roscore,5624,0.0,3.7
2026-07-07 11:31:59,1783420319.898,roscore,5915,0.5,43.2
2026-07-07 11:31:59,1783420319.898,rs_t265,5985,0.0,43.8
2026-07-07 11:31:59,1783420319.898,rs_t265,5999,5.4,87.6
2026-07-07 11:31:59,1783420319.898,rs_t265,6000,1.0,14.3
2026-07-07 11:31:59,1783420319.898,cam_capture_node,6080,1.5,84.7
2026-07-07 11:32:01,1783420321.925,roscore,5544,0.0,3.9
2026-07-07 11:32:01,1783420321.925,roscore,5624,0.0,3.7
2026-07-07 11:32:01,1783420321.925,roscore,5915,0.5,43.2
2026-07-07 11:32:01,1783420321.925,rs_t265,5985,1.0,43.8
2026-07-07 11:32:01,1783420321.925,rs_t265,5999,6.4,87.6
2026-07-07 11:32:01,1783420321.925,rs_t265,6000,0.0,14.3
2026-07-07 11:32:01,1783420321.925,cam_capture_node,6080,1.0,84.7
2026-07-07 11:32:03,1783420323.952,roscore,5544,0.0,3.9
2026-07-07 11:32:03,1783420323.952,roscore,5624,0.0,3.7
2026-07-07 11:32:03,1783420323.952,roscore,5915,0.0,43.2
2026-07-07 11:32:03,1783420323.952,rs_t265,5985,0.0,43.8
2026-07-07 11:32:03,1783420323.952,rs_t265,5999,7.4,87.6
2026-07-07 11:32:03,1783420323.952,rs_t265,6000,0.0,14.3
2026-07-07 11:32:03,1783420323.952,cam_capture_node,6080,2.0,84.7
2026-07-07 11:32:05,1783420325.987,roscore,5544,0.0,3.9
2026-07-07 11:32:05,1783420325.987,roscore,5624,0.0,3.7
2026-07-07 11:32:05,1783420325.987,roscore,5915,0.5,43.2
2026-07-07 11:32:05,1783420325.987,rs_t265,5985,0.5,43.8
2026-07-07 11:32:05,1783420325.987,rs_t265,5999,7.4,87.6
2026-07-07 11:32:05,1783420325.987,rs_t265,6000,0.5,14.3
2026-07-07 11:32:05,1783420325.987,cam_capture_node,6080,1.5,84.7
2026-07-07 11:32:08,1783420328.016,roscore,5544,0.0,3.9
2026-07-07 11:32:08,1783420328.016,roscore,5624,1.0,3.7
2026-07-07 11:32:08,1783420328.016,roscore,5915,0.0,43.2
2026-07-07 11:32:08,1783420328.016,rs_t265,5985,0.0,43.8
2026-07-07 11:32:08,1783420328.016,rs_t265,5999,8.0,87.6
2026-07-07 11:32:08,1783420328.016,rs_t265,6000,0.5,14.3
2026-07-07 11:32:08,1783420328.016,cam_capture_node,6080,1.5,84.7
2026-07-07 11:32:10,1783420330.026,roscore,5544,0.0,3.9
2026-07-07 11:32:10,1783420330.026,roscore,5624,0.0,3.7
2026-07-07 11:32:10,1783420330.026,roscore,5915,0.5,43.2
2026-07-07 11:32:10,1783420330.026,rs_t265,5985,0.5,43.8
2026-07-07 11:32:10,1783420330.026,rs_t265,5999,7.4,87.6
2026-07-07 11:32:10,1783420330.026,rs_t265,6000,0.5,14.3
2026-07-07 11:32:10,1783420330.026,cam_capture_node,6080,1.0,84.7
2026-07-07 11:32:12,1783420332.047,roscore,5544,0.0,3.9
2026-07-07 11:32:12,1783420332.047,roscore,5624,0.0,3.7
2026-07-07 11:32:12,1783420332.047,roscore,5915,0.0,43.2
2026-07-07 11:32:12,1783420332.047,rs_t265,5985,0.0,43.8
2026-07-07 11:32:12,1783420332.047,rs_t265,5999,6.4,87.6
2026-07-07 11:32:12,1783420332.047,rs_t265,6000,0.0,14.3
2026-07-07 11:32:12,1783420332.047,cam_capture_node,6080,1.5,84.7
2026-07-07 11:32:14,1783420334.073,roscore,5544,0.0,3.9
2026-07-07 11:32:14,1783420334.073,roscore,5624,0.0,3.7
2026-07-07 11:32:14,1783420334.073,roscore,5915,0.5,43.2
2026-07-07 11:32:14,1783420334.073,rs_t265,5985,0.5,43.8
2026-07-07 11:32:14,1783420334.073,rs_t265,5999,7.4,87.6
2026-07-07 11:32:14,1783420334.073,rs_t265,6000,0.5,14.3
2026-07-07 11:32:14,1783420334.073,cam_capture_node,6080,1.5,84.7
2026-07-07 11:32:16,1783420336.102,roscore,5544,0.0,3.9
2026-07-07 11:32:16,1783420336.102,roscore,5624,0.0,3.7
2026-07-07 11:32:16,1783420336.102,roscore,5915,0.0,43.2
2026-07-07 11:32:16,1783420336.102,rs_t265,5985,0.5,43.8
2026-07-07 11:32:16,1783420336.102,rs_t265,5999,6.5,87.6
2026-07-07 11:32:16,1783420336.102,rs_t265,6000,0.0,14.3
2026-07-07 11:32:16,1783420336.102,cam_capture_node,6080,1.5,84.7
2026-07-07 11:32:18,1783420338.117,roscore,5544,0.0,3.9
2026-07-07 11:32:18,1783420338.117,roscore,5624,0.0,3.7
2026-07-07 11:32:18,1783420338.117,roscore,5915,0.5,43.2
2026-07-07 11:32:18,1783420338.117,rs_t265,5985,0.0,43.8
2026-07-07 11:32:18,1783420338.117,rs_t265,5999,8.4,87.6
2026-07-07 11:32:18,1783420338.117,rs_t265,6000,0.5,14.3
2026-07-07 11:32:18,1783420338.117,cam_capture_node,6080,1.5,84.7
2026-07-07 11:32:20,1783420340.133,roscore,5544,0.0,3.9
2026-07-07 11:32:20,1783420340.133,roscore,5624,0.0,3.7
2026-07-07 11:32:20,1783420340.133,roscore,5915,0.5,43.2
2026-07-07 11:32:20,1783420340.133,rs_t265,5985,0.5,43.8
2026-07-07 11:32:20,1783420340.133,rs_t265,5999,6.9,87.6
2026-07-07 11:32:20,1783420340.133,rs_t265,6000,0.5,14.3
2026-07-07 11:32:20,1783420340.133,cam_capture_node,6080,2.0,84.7
2026-07-07 11:32:22,1783420342.149,roscore,5544,0.0,3.9
2026-07-07 11:32:22,1783420342.149,roscore,5624,0.5,3.7
2026-07-07 11:32:22,1783420342.149,roscore,5915,0.0,43.2
2026-07-07 11:32:22,1783420342.149,rs_t265,5985,0.0,43.8
2026-07-07 11:32:22,1783420342.149,rs_t265,5999,7.4,87.6
2026-07-07 11:32:22,1783420342.149,rs_t265,6000,0.0,14.3
2026-07-07 11:32:22,1783420342.149,cam_capture_node,6080,1.5,84.7
2026-07-07 11:32:24,1783420344.164,roscore,5544,0.0,3.9
2026-07-07 11:32:24,1783420344.164,roscore,5624,0.0,3.7
2026-07-07 11:32:24,1783420344.164,roscore,5915,0.5,43.2
2026-07-07 11:32:24,1783420344.164,rs_t265,5985,0.5,43.8
2026-07-07 11:32:24,1783420344.164,rs_t265,5999,6.9,87.6
2026-07-07 11:32:24,1783420344.164,rs_t265,6000,0.5,14.3
2026-07-07 11:32:24,1783420344.164,cam_capture_node,6080,1.5,84.7
2026-07-07 11:32:26,1783420346.192,roscore,5544,0.0,3.9
2026-07-07 11:32:26,1783420346.192,roscore,5624,0.0,3.7
2026-07-07 11:32:26,1783420346.192,roscore,5915,0.0,43.2
2026-07-07 11:32:26,1783420346.192,rs_t265,5985,0.0,43.8
2026-07-07 11:32:26,1783420346.192,rs_t265,5999,7.9,87.6
2026-07-07 11:32:26,1783420346.192,rs_t265,6000,0.0,14.3
2026-07-07 11:32:26,1783420346.192,cam_capture_node,6080,1.5,84.7
2026-07-07 11:32:28,1783420348.208,roscore,5544,0.0,3.9
2026-07-07 11:32:28,1783420348.208,roscore,5624,0.0,3.7
2026-07-07 11:32:28,1783420348.208,roscore,5915,0.5,43.2
2026-07-07 11:32:28,1783420348.208,rs_t265,5985,0.5,43.8
2026-07-07 11:32:28,1783420348.208,rs_t265,5999,7.4,87.6
2026-07-07 11:32:28,1783420348.208,rs_t265,6000,0.5,14.3
2026-07-07 11:32:28,1783420348.208,cam_capture_node,6080,1.5,84.7
2026-07-07 11:32:30,1783420350.224,roscore,5544,0.0,3.9
2026-07-07 11:32:30,1783420350.224,roscore,5624,0.5,3.7
2026-07-07 11:32:30,1783420350.224,roscore,5915,0.0,43.2
2026-07-07 11:32:30,1783420350.224,rs_t265,5985,0.0,43.8
2026-07-07 11:32:30,1783420350.224,rs_t265,5999,6.5,87.6
2026-07-07 11:32:30,1783420350.224,rs_t265,6000,0.0,14.3
2026-07-07 11:32:30,1783420350.224,cam_capture_node,6080,2.0,84.7
2026-07-07 11:32:32,1783420352.240,roscore,5544,0.0,3.9
2026-07-07 11:32:32,1783420352.240,roscore,5624,0.0,3.7
2026-07-07 11:32:32,1783420352.240,roscore,5915,0.5,43.2
2026-07-07 11:32:32,1783420352.240,rs_t265,5985,0.5,43.8
2026-07-07 11:32:32,1783420352.240,rs_t265,5999,6.9,87.6
2026-07-07 11:32:32,1783420352.240,rs_t265,6000,0.5,14.3
2026-07-07 11:32:32,1783420352.240,cam_capture_node,6080,1.0,84.7
2026-07-07 11:32:34,1783420354.256,roscore,5544,0.0,3.9
2026-07-07 11:32:34,1783420354.256,roscore,5624,0.0,3.7
2026-07-07 11:32:34,1783420354.256,roscore,5915,0.0,43.2
2026-07-07 11:32:34,1783420354.256,rs_t265,5985,0.0,43.8
2026-07-07 11:32:34,1783420354.256,rs_t265,5999,6.9,87.6
2026-07-07 11:32:34,1783420354.256,rs_t265,6000,0.5,14.3
2026-07-07 11:32:34,1783420354.256,cam_capture_node,6080,1.5,84.7
2026-07-07 11:32:36,1783420356.285,roscore,5544,0.0,3.9
2026-07-07 11:32:36,1783420356.285,roscore,5624,0.0,3.7
2026-07-07 11:32:36,1783420356.285,roscore,5915,0.0,43.2
2026-07-07 11:32:36,1783420356.285,rs_t265,5985,1.0,43.8
2026-07-07 11:32:36,1783420356.285,rs_t265,5999,5.4,87.6
2026-07-07 11:32:36,1783420356.285,rs_t265,6000,0.5,14.3
2026-07-07 11:32:36,1783420356.285,cam_capture_node,6080,1.5,84.7
2026-07-07 11:32:38,1783420358.315,roscore,5544,0.0,3.9
2026-07-07 11:32:38,1783420358.315,roscore,5624,0.5,3.7
2026-07-07 11:32:38,1783420358.315,roscore,5915,0.5,43.2
2026-07-07 11:32:38,1783420358.315,rs_t265,5985,0.0,43.8
2026-07-07 11:32:38,1783420358.315,rs_t265,5999,7.4,87.6
2026-07-07 11:32:38,1783420358.315,rs_t265,6000,0.0,14.3
2026-07-07 11:32:38,1783420358.315,cam_capture_node,6080,2.0,84.7
2026-07-07 11:32:40,1783420360.341,roscore,5544,0.0,3.9
2026-07-07 11:32:40,1783420360.341,roscore,5624,0.0,3.7
2026-07-07 11:32:40,1783420360.341,roscore,5915,0.5,43.2
2026-07-07 11:32:40,1783420360.341,rs_t265,5985,0.5,43.8
2026-07-07 11:32:40,1783420360.341,rs_t265,5999,8.4,87.6
2026-07-07 11:32:40,1783420360.341,rs_t265,6000,0.5,14.3
2026-07-07 11:32:40,1783420360.341,cam_capture_node,6080,1.5,84.7
2026-07-07 11:32:42,1783420362.369,roscore,5544,0.0,3.9
2026-07-07 11:32:42,1783420362.369,roscore,5624,0.0,3.7
2026-07-07 11:32:42,1783420362.369,roscore,5915,0.5,43.2
2026-07-07 11:32:42,1783420362.369,rs_t265,5985,0.0,43.8
2026-07-07 11:32:42,1783420362.369,rs_t265,5999,8.4,87.6
2026-07-07 11:32:42,1783420362.369,rs_t265,6000,0.0,14.3
2026-07-07 11:32:42,1783420362.369,cam_capture_node,6080,1.5,84.7
2026-07-07 11:32:44,1783420364.398,roscore,5544,0.0,3.9
2026-07-07 11:32:44,1783420364.398,roscore,5624,0.0,3.7
2026-07-07 11:32:44,1783420364.398,roscore,5915,0.5,43.2
2026-07-07 11:32:44,1783420364.398,rs_t265,5985,0.5,43.8
2026-07-07 11:32:44,1783420364.398,rs_t265,5999,6.4,87.6
2026-07-07 11:32:44,1783420364.398,rs_t265,6000,0.5,14.3
2026-07-07 11:32:44,1783420364.398,cam_capture_node,6080,2.0,84.7
2026-07-07 11:32:46,1783420366.413,roscore,5544,0.0,3.9
2026-07-07 11:32:46,1783420366.413,roscore,5624,0.0,3.7
2026-07-07 11:32:46,1783420366.413,roscore,5915,0.0,43.2
2026-07-07 11:32:46,1783420366.413,rs_t265,5985,0.0,43.8
2026-07-07 11:32:46,1783420366.413,rs_t265,5999,6.4,87.6
2026-07-07 11:32:46,1783420366.413,rs_t265,6000,0.5,14.3
2026-07-07 11:32:46,1783420366.413,cam_capture_node,6080,1.5,84.7
2026-07-07 11:32:48,1783420368.439,roscore,5544,0.0,3.9
2026-07-07 11:32:48,1783420368.439,roscore,5624,0.5,3.7
2026-07-07 11:32:48,1783420368.439,roscore,5915,0.5,43.2
2026-07-07 11:32:48,1783420368.439,rs_t265,5985,0.5,43.8
2026-07-07 11:32:48,1783420368.439,rs_t265,5999,8.8,87.6
2026-07-07 11:32:48,1783420368.439,rs_t265,6000,0.0,14.3
2026-07-07 11:32:48,1783420368.439,cam_capture_node,6080,2.0,84.7
2026-07-07 11:32:50,1783420370.483,roscore,5544,0.0,3.9
2026-07-07 11:32:50,1783420370.483,roscore,5624,0.0,3.7
2026-07-07 11:32:50,1783420370.483,roscore,5915,0.5,43.2
2026-07-07 11:32:50,1783420370.483,rs_t265,5985,0.0,43.8
2026-07-07 11:32:50,1783420370.483,rs_t265,5999,7.4,87.6
2026-07-07 11:32:50,1783420370.483,rs_t265,6000,0.5,14.3
2026-07-07 11:32:50,1783420370.483,cam_capture_node,6080,2.5,84.7
2026-07-07 11:32:52,1783420372.510,roscore,5544,0.0,3.9
2026-07-07 11:32:52,1783420372.510,roscore,5624,0.0,3.7
2026-07-07 11:32:52,1783420372.510,roscore,5915,0.0,43.2
2026-07-07 11:32:52,1783420372.510,rs_t265,5985,1.0,43.8
2026-07-07 11:32:52,1783420372.510,rs_t265,5999,6.9,87.6
2026-07-07 11:32:52,1783420372.510,rs_t265,6000,0.5,14.3
2026-07-07 11:32:52,1783420372.510,cam_capture_node,6080,2.0,84.7
2026-07-07 11:32:54,1783420374.551,roscore,5544,0.0,3.9
2026-07-07 11:32:54,1783420374.551,roscore,5624,0.0,3.7
2026-07-07 11:32:54,1783420374.551,roscore,5915,0.5,43.2
2026-07-07 11:32:54,1783420374.551,rs_t265,5985,0.0,43.8
2026-07-07 11:32:54,1783420374.551,rs_t265,5999,8.4,87.6
2026-07-07 11:32:54,1783420374.551,rs_t265,6000,0.0,14.3
2026-07-07 11:32:54,1783420374.551,cam_capture_node,6080,2.0,84.7
2026-07-07 11:32:56,1783420376.577,roscore,5544,0.0,3.9
2026-07-07 11:32:56,1783420376.577,roscore,5624,0.0,3.7
2026-07-07 11:32:56,1783420376.577,roscore,5915,0.5,43.2
2026-07-07 11:32:56,1783420376.577,rs_t265,5985,0.5,43.8
2026-07-07 11:32:56,1783420376.577,rs_t265,5999,7.4,87.6
2026-07-07 11:32:56,1783420376.577,rs_t265,6000,0.5,14.3
2026-07-07 11:32:56,1783420376.577,cam_capture_node,6080,1.5,84.7
2026-07-07 11:32:58,1783420378.602,roscore,5544,0.0,3.9
2026-07-07 11:32:58,1783420378.602,roscore,5624,0.5,3.7
2026-07-07 11:32:58,1783420378.602,roscore,5915,0.0,43.2
2026-07-07 11:32:58,1783420378.602,rs_t265,5985,0.0,43.8
2026-07-07 11:32:58,1783420378.602,rs_t265,5999,7.9,87.6
2026-07-07 11:32:58,1783420378.602,rs_t265,6000,0.5,14.3
2026-07-07 11:32:58,1783420378.602,cam_capture_node,6080,1.5,84.7
2026-07-07 11:33:00,1783420380.623,roscore,5544,0.0,3.9
2026-07-07 11:33:00,1783420380.623,roscore,5624,0.0,3.7
2026-07-07 11:33:00,1783420380.623,roscore,5915,0.5,43.2
2026-07-07 11:33:00,1783420380.623,rs_t265,5985,0.5,43.8
2026-07-07 11:33:00,1783420380.623,rs_t265,5999,7.9,87.6
2026-07-07 11:33:00,1783420380.623,rs_t265,6000,0.0,14.3
2026-07-07 11:33:00,1783420380.623,cam_capture_node,6080,2.5,84.7
2026-07-07 11:33:02,1783420382.651,roscore,5544,0.0,3.9
2026-07-07 11:33:02,1783420382.651,roscore,5624,0.0,3.7
2026-07-07 11:33:02,1783420382.651,roscore,5915,0.0,43.2
2026-07-07 11:33:02,1783420382.651,rs_t265,5985,0.0,43.8
2026-07-07 11:33:02,1783420382.651,rs_t265,5999,7.9,87.6
2026-07-07 11:33:02,1783420382.651,rs_t265,6000,0.5,14.3
2026-07-07 11:33:02,1783420382.651,cam_capture_node,6080,1.5,84.7
2026-07-07 11:33:04,1783420384.667,roscore,5544,0.0,3.9
2026-07-07 11:33:04,1783420384.667,roscore,5624,0.5,3.7
2026-07-07 11:33:04,1783420384.667,roscore,5915,0.5,43.2
2026-07-07 11:33:04,1783420384.667,rs_t265,5985,0.5,43.8
2026-07-07 11:33:04,1783420384.667,rs_t265,5999,8.4,87.6
2026-07-07 11:33:04,1783420384.667,rs_t265,6000,0.0,14.3
2026-07-07 11:33:04,1783420384.667,cam_capture_node,6080,2.0,84.7
2026-07-07 11:33:06,1783420386.695,roscore,5544,0.0,3.9
2026-07-07 11:33:06,1783420386.695,roscore,5624,0.0,3.7
2026-07-07 11:33:06,1783420386.695,roscore,5915,0.0,43.2
2026-07-07 11:33:06,1783420386.695,rs_t265,5985,0.5,43.8
2026-07-07 11:33:06,1783420386.695,rs_t265,5999,7.4,87.6
2026-07-07 11:33:06,1783420386.695,rs_t265,6000,0.5,14.3
2026-07-07 11:33:06,1783420386.695,cam_capture_node,6080,1.5,84.7
2026-07-07 11:33:08,1783420388.723,roscore,5544,0.0,3.9
2026-07-07 11:33:08,1783420388.723,roscore,5624,0.0,3.7
2026-07-07 11:33:08,1783420388.723,roscore,5915,0.5,43.2
2026-07-07 11:33:08,1783420388.723,rs_t265,5985,0.5,43.8
2026-07-07 11:33:08,1783420388.723,rs_t265,5999,7.4,87.6
2026-07-07 11:33:08,1783420388.723,rs_t265,6000,0.5,14.3
2026-07-07 11:33:08,1783420388.723,cam_capture_node,6080,1.5,84.7
2026-07-07 11:33:10,1783420390.753,roscore,5544,0.0,3.9
2026-07-07 11:33:10,1783420390.753,roscore,5624,0.0,3.7
2026-07-07 11:33:10,1783420390.753,roscore,5915,0.5,43.2
2026-07-07 11:33:10,1783420390.753,rs_t265,5985,0.5,43.8
2026-07-07 11:33:10,1783420390.753,rs_t265,5999,6.4,87.6
2026-07-07 11:33:10,1783420390.753,rs_t265,6000,0.0,14.3
2026-07-07 11:33:10,1783420390.753,cam_capture_node,6080,1.5,84.7
2026-07-07 11:33:12,1783420392.786,roscore,5544,0.0,3.9
2026-07-07 11:33:12,1783420392.786,roscore,5624,0.5,3.7
2026-07-07 11:33:12,1783420392.786,roscore,5915,0.5,43.2
2026-07-07 11:33:12,1783420392.786,rs_t265,5985,0.0,43.8
2026-07-07 11:33:12,1783420392.786,rs_t265,5999,6.9,87.6
2026-07-07 11:33:12,1783420392.786,rs_t265,6000,0.0,14.3
2026-07-07 11:33:12,1783420392.786,cam_capture_node,6080,2.0,84.7
2026-07-07 11:33:14,1783420394.813,roscore,5544,0.0,3.9
2026-07-07 11:33:14,1783420394.813,roscore,5624,0.0,3.7
2026-07-07 11:33:14,1783420394.813,roscore,5915,0.0,43.2
2026-07-07 11:33:14,1783420394.813,rs_t265,5985,0.5,43.8
2026-07-07 11:33:14,1783420394.813,rs_t265,5999,7.9,87.6
2026-07-07 11:33:14,1783420394.813,rs_t265,6000,1.0,14.3
2026-07-07 11:33:14,1783420394.813,cam_capture_node,6080,2.0,84.7
2026-07-07 11:33:16,1783420396.840,roscore,5544,0.0,3.9
2026-07-07 11:33:16,1783420396.840,roscore,5624,0.0,3.7
2026-07-07 11:33:16,1783420396.840,roscore,5915,0.5,43.2
2026-07-07 11:33:16,1783420396.840,rs_t265,5985,0.0,43.8
2026-07-07 11:33:16,1783420396.840,rs_t265,5999,7.4,87.6
2026-07-07 11:33:16,1783420396.840,rs_t265,6000,0.0,14.3
2026-07-07 11:33:16,1783420396.840,cam_capture_node,6080,2.0,84.7
2026-07-07 11:33:18,1783420398.868,roscore,5544,0.0,3.9
2026-07-07 11:33:18,1783420398.868,roscore,5624,0.0,3.7
2026-07-07 11:33:18,1783420398.868,roscore,5915,0.0,43.2
2026-07-07 11:33:18,1783420398.868,rs_t265,5985,0.5,43.8
2026-07-07 11:33:18,1783420398.868,rs_t265,5999,5.9,87.6
2026-07-07 11:33:18,1783420398.868,rs_t265,6000,0.0,14.3
2026-07-07 11:33:18,1783420398.868,cam_capture_node,6080,1.5,84.7
2026-07-07 11:33:20,1783420400.897,roscore,5544,0.0,3.9
2026-07-07 11:33:20,1783420400.897,roscore,5624,0.0,3.7
2026-07-07 11:33:20,1783420400.897,roscore,5915,0.5,43.2
2026-07-07 11:33:20,1783420400.897,rs_t265,5985,0.0,43.8
2026-07-07 11:33:20,1783420400.897,rs_t265,5999,7.4,87.6
2026-07-07 11:33:20,1783420400.897,rs_t265,6000,0.5,14.3
2026-07-07 11:33:20,1783420400.897,cam_capture_node,6080,2.0,84.7
2026-07-07 11:33:22,1783420402.912,roscore,5544,0.0,3.9
2026-07-07 11:33:22,1783420402.912,roscore,5624,0.0,3.7
2026-07-07 11:33:22,1783420402.912,roscore,5915,0.5,43.2
2026-07-07 11:33:22,1783420402.912,rs_t265,5985,0.5,43.8
2026-07-07 11:33:22,1783420402.912,rs_t265,5999,6.4,87.6
2026-07-07 11:33:22,1783420402.912,rs_t265,6000,0.0,14.3
2026-07-07 11:33:22,1783420402.912,cam_capture_node,6080,1.0,84.7
2026-07-07 11:33:24,1783420404.940,roscore,5544,0.0,3.9
2026-07-07 11:33:24,1783420404.940,roscore,5624,0.5,3.7
2026-07-07 11:33:24,1783420404.940,roscore,5915,0.5,43.2
2026-07-07 11:33:24,1783420404.940,rs_t265,5985,0.0,43.8
2026-07-07 11:33:24,1783420404.940,rs_t265,5999,7.8,87.6
2026-07-07 11:33:24,1783420404.940,rs_t265,6000,1.0,14.3
2026-07-07 11:33:24,1783420404.940,cam_capture_node,6080,1.5,84.7
2026-07-07 11:33:26,1783420406.981,roscore,5544,0.0,3.9
2026-07-07 11:33:26,1783420406.981,roscore,5624,0.0,3.7
2026-07-07 11:33:26,1783420406.981,roscore,5915,0.5,43.2
2026-07-07 11:33:26,1783420406.981,rs_t265,5985,0.5,43.8
2026-07-07 11:33:26,1783420406.981,rs_t265,5999,6.4,87.6
2026-07-07 11:33:26,1783420406.981,rs_t265,6000,0.0,14.3
2026-07-07 11:33:26,1783420406.981,cam_capture_node,6080,1.5,84.7
2026-07-07 11:33:29,1783420409.008,roscore,5544,0.0,3.9
2026-07-07 11:33:29,1783420409.008,roscore,5624,0.5,3.7
2026-07-07 11:33:29,1783420409.008,roscore,5915,0.0,43.2
2026-07-07 11:33:29,1783420409.008,rs_t265,5985,0.0,43.8
2026-07-07 11:33:29,1783420409.008,rs_t265,5999,6.4,87.6
2026-07-07 11:33:29,1783420409.008,rs_t265,6000,0.0,14.3
2026-07-07 11:33:29,1783420409.008,cam_capture_node,6080,1.5,84.7
2026-07-07 11:33:31,1783420411.034,roscore,5544,0.0,3.9
2026-07-07 11:33:31,1783420411.034,roscore,5624,0.0,3.7
2026-07-07 11:33:31,1783420411.034,roscore,5915,0.5,43.2
2026-07-07 11:33:31,1783420411.034,rs_t265,5985,0.5,43.8
2026-07-07 11:33:31,1783420411.034,rs_t265,5999,5.9,87.6
2026-07-07 11:33:31,1783420411.034,rs_t265,6000,1.0,14.3
2026-07-07 11:33:31,1783420411.034,cam_capture_node,6080,1.5,84.7
2026-07-07 11:33:33,1783420413.061,roscore,5544,0.0,3.9
2026-07-07 11:33:33,1783420413.061,roscore,5624,0.0,3.7
2026-07-07 11:33:33,1783420413.061,roscore,5915,0.0,43.2
2026-07-07 11:33:33,1783420413.061,rs_t265,5985,0.5,43.8
2026-07-07 11:33:33,1783420413.061,rs_t265,5999,9.4,87.6
2026-07-07 11:33:33,1783420413.061,rs_t265,6000,0.0,14.3
2026-07-07 11:33:33,1783420413.061,cam_capture_node,6080,1.0,84.7
2026-07-07 11:33:35,1783420415.087,roscore,5544,0.0,3.9
2026-07-07 11:33:35,1783420415.087,roscore,5624,0.0,3.7
2026-07-07 11:33:35,1783420415.087,roscore,5915,0.0,43.2
2026-07-07 11:33:35,1783420415.087,rs_t265,5985,0.0,43.8
2026-07-07 11:33:35,1783420415.087,rs_t265,5999,7.4,87.6
2026-07-07 11:33:35,1783420415.087,rs_t265,6000,0.0,14.3
2026-07-07 11:33:35,1783420415.087,cam_capture_node,6080,1.5,84.7
2026-07-07 11:33:37,1783420417.116,roscore,5544,0.0,3.9
2026-07-07 11:33:37,1783420417.116,roscore,5624,0.0,3.7
2026-07-07 11:33:37,1783420417.116,roscore,5915,0.5,43.2
2026-07-07 11:33:37,1783420417.116,rs_t265,5985,1.0,43.8
2026-07-07 11:33:37,1783420417.116,rs_t265,5999,6.4,87.6
2026-07-07 11:33:37,1783420417.116,rs_t265,6000,0.5,14.3
2026-07-07 11:33:37,1783420417.116,cam_capture_node,6080,2.0,84.7
2026-07-07 11:33:39,1783420419.132,roscore,5544,0.0,3.9
2026-07-07 11:33:39,1783420419.132,roscore,5624,0.5,3.7
2026-07-07 11:33:39,1783420419.132,roscore,5915,0.0,43.2
2026-07-07 11:33:39,1783420419.132,rs_t265,5985,0.0,43.8
2026-07-07 11:33:39,1783420419.132,rs_t265,5999,6.4,87.6
2026-07-07 11:33:39,1783420419.132,rs_t265,6000,0.5,14.3
2026-07-07 11:33:39,1783420419.132,cam_capture_node,6080,1.0,84.7
2026-07-07 11:33:41,1783420421.159,roscore,5544,0.0,3.9
2026-07-07 11:33:41,1783420421.159,roscore,5624,0.0,3.7
2026-07-07 11:33:41,1783420421.159,roscore,5915,0.5,43.2
2026-07-07 11:33:41,1783420421.159,rs_t265,5985,0.5,43.8
2026-07-07 11:33:41,1783420421.159,rs_t265,5999,8.4,87.6
2026-07-07 11:33:41,1783420421.159,rs_t265,6000,0.0,14.3
2026-07-07 11:33:41,1783420421.159,cam_capture_node,6080,2.0,84.7
2026-07-07 11:33:43,1783420423.187,roscore,5544,0.0,3.9
2026-07-07 11:33:43,1783420423.187,roscore,5624,0.0,3.7
2026-07-07 11:33:43,1783420423.187,roscore,5915,0.0,43.2
2026-07-07 11:33:43,1783420423.187,rs_t265,5985,0.0,43.8
2026-07-07 11:33:43,1783420423.187,rs_t265,5999,7.4,87.6
2026-07-07 11:33:43,1783420423.187,rs_t265,6000,0.5,14.3
2026-07-07 11:33:43,1783420423.187,cam_capture_node,6080,1.5,84.7
2026-07-07 11:33:45,1783420425.202,roscore,5544,0.0,3.9
2026-07-07 11:33:45,1783420425.202,roscore,5624,0.0,3.7
2026-07-07 11:33:45,1783420425.202,roscore,5915,0.5,43.2
2026-07-07 11:33:45,1783420425.202,rs_t265,5985,0.5,43.8
2026-07-07 11:33:45,1783420425.202,rs_t265,5999,7.9,87.6
2026-07-07 11:33:45,1783420425.202,rs_t265,6000,0.5,14.3
2026-07-07 11:33:45,1783420425.202,cam_capture_node,6080,1.0,84.7
2026-07-07 11:33:47,1783420427.218,roscore,5544,0.0,3.9
2026-07-07 11:33:47,1783420427.218,roscore,5624,0.0,3.7
2026-07-07 11:33:47,1783420427.218,roscore,5915,0.5,43.2
2026-07-07 11:33:47,1783420427.218,rs_t265,5985,0.0,43.8
2026-07-07 11:33:47,1783420427.218,rs_t265,5999,7.4,87.6
2026-07-07 11:33:47,1783420427.218,rs_t265,6000,0.0,14.3
2026-07-07 11:33:47,1783420427.218,cam_capture_node,6080,1.5,84.7
2026-07-07 11:33:49,1783420429.242,roscore,5544,0.0,3.9
2026-07-07 11:33:49,1783420429.242,roscore,5624,0.0,3.7
2026-07-07 11:33:49,1783420429.242,roscore,5915,0.5,43.2
2026-07-07 11:33:49,1783420429.242,rs_t265,5985,0.0,43.8
2026-07-07 11:33:49,1783420429.242,rs_t265,5999,7.0,87.6
2026-07-07 11:33:49,1783420429.242,rs_t265,6000,0.0,14.3
2026-07-07 11:33:49,1783420429.242,cam_capture_node,6080,1.5,84.7
2026-07-07 11:33:51,1783420431.252,roscore,5544,0.0,3.9
2026-07-07 11:33:51,1783420431.252,roscore,5624,0.5,3.7
2026-07-07 11:33:51,1783420431.252,roscore,5915,0.0,43.2
2026-07-07 11:33:51,1783420431.252,rs_t265,5985,0.5,43.8
2026-07-07 11:33:51,1783420431.252,rs_t265,5999,8.4,87.6
2026-07-07 11:33:51,1783420431.252,rs_t265,6000,1.0,14.3
2026-07-07 11:33:51,1783420431.252,cam_capture_node,6080,3.9,84.7
2026-07-07 11:33:51,1783420431.252,data_collection,19951,21.2,370.7
2026-07-07 11:33:53,1783420433.284,roscore,5544,0.0,3.9
2026-07-07 11:33:53,1783420433.284,roscore,5624,0.0,3.7
2026-07-07 11:33:53,1783420433.284,roscore,5915,0.5,43.2
2026-07-07 11:33:53,1783420433.284,rs_t265,5985,0.5,43.8
2026-07-07 11:33:53,1783420433.284,rs_t265,5999,8.9,87.6
2026-07-07 11:33:53,1783420433.284,rs_t265,6000,0.0,14.3
2026-07-07 11:33:53,1783420433.284,cam_capture_node,6080,4.0,84.7
2026-07-07 11:33:53,1783420433.284,data_collection,19951,8.4,370.8
2026-07-07 11:33:55,1783420435.302,roscore,5544,0.0,3.9
2026-07-07 11:33:55,1783420435.302,roscore,5624,0.0,3.7
2026-07-07 11:33:55,1783420435.302,roscore,5915,0.5,43.2
2026-07-07 11:33:55,1783420435.302,rs_t265,5985,0.5,43.8
2026-07-07 11:33:55,1783420435.302,rs_t265,5999,10.4,87.6
2026-07-07 11:33:55,1783420435.302,rs_t265,6000,0.0,14.3
2026-07-07 11:33:55,1783420435.302,cam_capture_node,6080,4.4,84.7
2026-07-07 11:33:55,1783420435.302,data_collection,19951,14.8,370.9
2026-07-07 11:33:57,1783420437.327,roscore,5544,0.0,3.9
2026-07-07 11:33:57,1783420437.327,roscore,5624,0.5,3.7
2026-07-07 11:33:57,1783420437.327,roscore,5915,0.0,43.2
2026-07-07 11:33:57,1783420437.327,rs_t265,5985,0.0,43.8
2026-07-07 11:33:57,1783420437.327,rs_t265,5999,9.4,87.6
2026-07-07 11:33:57,1783420437.327,rs_t265,6000,0.5,14.3
2026-07-07 11:33:57,1783420437.327,cam_capture_node,6080,4.4,84.7
2026-07-07 11:33:57,1783420437.327,data_collection,19951,14.8,370.9
2026-07-07 11:33:59,1783420439.354,roscore,5544,0.0,3.9
2026-07-07 11:33:59,1783420439.354,roscore,5624,0.0,3.7
2026-07-07 11:33:59,1783420439.354,roscore,5915,0.5,43.2
2026-07-07 11:33:59,1783420439.354,rs_t265,5985,0.5,43.8
2026-07-07 11:33:59,1783420439.354,rs_t265,5999,9.9,87.6
2026-07-07 11:33:59,1783420439.354,rs_t265,6000,0.5,14.3
2026-07-07 11:33:59,1783420439.354,cam_capture_node,6080,3.9,84.7
2026-07-07 11:33:59,1783420439.354,data_collection,19951,13.8,370.9
2026-07-07 11:34:01,1783420441.380,roscore,5544,0.0,3.9
2026-07-07 11:34:01,1783420441.380,roscore,5624,0.0,3.7
2026-07-07 11:34:01,1783420441.380,roscore,5915,0.0,43.2
2026-07-07 11:34:01,1783420441.380,rs_t265,5985,0.0,43.8
2026-07-07 11:34:01,1783420441.380,rs_t265,5999,8.9,87.6
2026-07-07 11:34:01,1783420441.380,rs_t265,6000,0.0,14.3
2026-07-07 11:34:01,1783420441.380,cam_capture_node,6080,3.9,84.7
2026-07-07 11:34:01,1783420441.380,data_collection,19951,12.8,370.9
2026-07-07 11:34:03,1783420443.410,roscore,5544,0.0,3.9
2026-07-07 11:34:03,1783420443.410,roscore,5624,0.0,3.7
2026-07-07 11:34:03,1783420443.410,roscore,5915,0.5,43.2
2026-07-07 11:34:03,1783420443.410,rs_t265,5985,0.5,43.8
2026-07-07 11:34:03,1783420443.410,rs_t265,5999,8.4,87.6
2026-07-07 11:34:03,1783420443.410,rs_t265,6000,0.0,14.3
2026-07-07 11:34:03,1783420443.410,cam_capture_node,6080,4.4,84.7
2026-07-07 11:34:03,1783420443.410,data_collection,19951,6.9,371.1
2026-07-07 11:34:05,1783420445.437,roscore,5544,0.0,3.9
2026-07-07 11:34:05,1783420445.437,roscore,5624,0.5,3.7
2026-07-07 11:34:05,1783420445.437,roscore,5915,0.0,43.2
2026-07-07 11:34:05,1783420445.437,rs_t265,5985,0.5,43.8
2026-07-07 11:34:05,1783420445.437,rs_t265,5999,8.9,87.6
2026-07-07 11:34:05,1783420445.437,rs_t265,6000,0.5,14.3
2026-07-07 11:34:05,1783420445.437,cam_capture_node,6080,4.4,84.7
2026-07-07 11:34:05,1783420445.437,data_collection,19951,5.4,371.2
2026-07-07 11:34:07,1783420447.465,roscore,5544,0.0,3.9
2026-07-07 11:34:07,1783420447.465,roscore,5624,0.0,3.7
2026-07-07 11:34:07,1783420447.465,roscore,5915,0.5,43.2
2026-07-07 11:34:07,1783420447.465,rs_t265,5985,0.0,43.8
2026-07-07 11:34:07,1783420447.465,rs_t265,5999,10.8,87.6
2026-07-07 11:34:07,1783420447.465,rs_t265,6000,0.0,14.3
2026-07-07 11:34:07,1783420447.465,cam_capture_node,6080,4.4,84.7
2026-07-07 11:34:07,1783420447.465,data_collection,19951,5.9,371.2
2026-07-07 11:34:09,1783420449.492,roscore,5544,0.0,3.9
2026-07-07 11:34:09,1783420449.492,roscore,5624,0.0,3.7
2026-07-07 11:34:09,1783420449.492,roscore,5915,0.0,43.2
2026-07-07 11:34:09,1783420449.492,rs_t265,5985,0.5,43.8
2026-07-07 11:34:09,1783420449.492,rs_t265,5999,9.9,87.6
2026-07-07 11:34:09,1783420449.492,rs_t265,6000,0.5,14.3
2026-07-07 11:34:09,1783420449.492,cam_capture_node,6080,4.4,84.7
2026-07-07 11:34:09,1783420449.492,data_collection,19951,6.4,371.2
2026-07-07 11:34:11,1783420451.520,roscore,5544,0.0,3.9
2026-07-07 11:34:11,1783420451.520,roscore,5624,0.0,3.7
2026-07-07 11:34:11,1783420451.520,roscore,5915,0.5,43.2
2026-07-07 11:34:11,1783420451.520,rs_t265,5985,0.0,43.8
2026-07-07 11:34:11,1783420451.520,rs_t265,5999,9.4,87.6
2026-07-07 11:34:11,1783420451.520,rs_t265,6000,0.5,14.3
2026-07-07 11:34:11,1783420451.520,cam_capture_node,6080,3.9,84.7
2026-07-07 11:34:11,1783420451.520,data_collection,19951,6.4,371.2
2026-07-07 11:34:13,1783420453.548,roscore,5544,0.0,3.9
2026-07-07 11:34:13,1783420453.548,roscore,5624,0.0,3.7
2026-07-07 11:34:13,1783420453.548,roscore,5915,0.5,43.2
2026-07-07 11:34:13,1783420453.548,rs_t265,5985,0.5,43.8
2026-07-07 11:34:13,1783420453.548,rs_t265,5999,8.9,87.6
2026-07-07 11:34:13,1783420453.548,rs_t265,6000,0.0,14.3
2026-07-07 11:34:13,1783420453.548,cam_capture_node,6080,4.9,84.7
2026-07-07 11:34:13,1783420453.548,data_collection,19951,15.8,371.3
2026-07-07 11:34:15,1783420455.575,roscore,5544,0.0,3.9
2026-07-07 11:34:15,1783420455.575,roscore,5624,0.0,3.7
2026-07-07 11:34:15,1783420455.575,roscore,5915,0.5,43.2
2026-07-07 11:34:15,1783420455.575,rs_t265,5985,0.5,43.8
2026-07-07 11:34:15,1783420455.575,rs_t265,5999,9.4,87.6
2026-07-07 11:34:15,1783420455.575,rs_t265,6000,0.0,14.3
2026-07-07 11:34:15,1783420455.575,cam_capture_node,6080,4.4,84.7
2026-07-07 11:34:15,1783420455.575,data_collection,19951,13.8,371.3
2026-07-07 11:34:17,1783420457.603,roscore,5544,0.0,3.9
2026-07-07 11:34:17,1783420457.603,roscore,5624,1.0,3.7
2026-07-07 11:34:17,1783420457.603,roscore,5915,0.5,43.2
2026-07-07 11:34:17,1783420457.603,rs_t265,5985,0.0,43.8
2026-07-07 11:34:17,1783420457.603,rs_t265,5999,8.4,87.6
2026-07-07 11:34:17,1783420457.603,rs_t265,6000,0.5,14.3
2026-07-07 11:34:17,1783420457.603,cam_capture_node,6080,3.9,84.7
2026-07-07 11:34:17,1783420457.603,data_collection,19951,11.8,371.3
2026-07-07 11:34:19,1783420459.630,roscore,5544,0.0,3.9
2026-07-07 11:34:19,1783420459.630,roscore,5624,0.0,3.7
2026-07-07 11:34:19,1783420459.630,roscore,5915,0.0,43.2
2026-07-07 11:34:19,1783420459.630,rs_t265,5985,0.5,43.8
2026-07-07 11:34:19,1783420459.630,rs_t265,5999,8.3,87.6
2026-07-07 11:34:19,1783420459.630,rs_t265,6000,0.5,14.3
2026-07-07 11:34:19,1783420459.630,cam_capture_node,6080,3.9,84.7
2026-07-07 11:34:19,1783420459.630,data_collection,19951,14.2,371.3
2026-07-07 11:34:21,1783420461.667,roscore,5544,0.0,3.9
2026-07-07 11:34:21,1783420461.667,roscore,5624,0.0,3.7
2026-07-07 11:34:21,1783420461.667,roscore,5915,0.5,43.2
2026-07-07 11:34:21,1783420461.667,rs_t265,5985,0.0,43.8
2026-07-07 11:34:21,1783420461.667,rs_t265,5999,10.4,87.6
2026-07-07 11:34:21,1783420461.667,rs_t265,6000,0.0,14.3
2026-07-07 11:34:21,1783420461.667,cam_capture_node,6080,4.9,84.7
2026-07-07 11:34:21,1783420461.667,data_collection,19951,6.9,371.3
2026-07-07 11:34:23,1783420463.694,roscore,5544,0.0,3.9
2026-07-07 11:34:23,1783420463.694,roscore,5624,0.0,3.7
2026-07-07 11:34:23,1783420463.694,roscore,5915,0.0,43.2
2026-07-07 11:34:23,1783420463.694,rs_t265,5985,0.5,43.8
2026-07-07 11:34:23,1783420463.694,rs_t265,5999,10.3,87.6
2026-07-07 11:34:23,1783420463.694,rs_t265,6000,0.5,14.3
2026-07-07 11:34:23,1783420463.694,cam_capture_node,6080,4.4,84.7
2026-07-07 11:34:23,1783420463.694,data_collection,19951,7.4,371.3
2026-07-07 11:34:25,1783420465.723,roscore,5544,0.0,3.9
2026-07-07 11:34:25,1783420465.723,roscore,5624,0.0,3.7
2026-07-07 11:34:25,1783420465.723,roscore,5915,0.5,43.2
2026-07-07 11:34:25,1783420465.723,rs_t265,5985,0.5,43.8
2026-07-07 11:34:25,1783420465.723,rs_t265,5999,9.9,87.6
2026-07-07 11:34:25,1783420465.723,rs_t265,6000,0.0,14.3
2026-07-07 11:34:25,1783420465.723,cam_capture_node,6080,3.9,84.7
2026-07-07 11:34:25,1783420465.723,data_collection,19951,8.9,371.3
2026-07-07 11:34:27,1783420467.750,roscore,5544,0.0,3.9
2026-07-07 11:34:27,1783420467.750,roscore,5624,0.0,3.7
2026-07-07 11:34:27,1783420467.750,roscore,5915,0.0,43.2
2026-07-07 11:34:27,1783420467.750,rs_t265,5985,0.5,43.8
2026-07-07 11:34:27,1783420467.750,rs_t265,5999,8.4,87.6
2026-07-07 11:34:27,1783420467.750,rs_t265,6000,0.5,14.3
2026-07-07 11:34:27,1783420467.750,cam_capture_node,6080,4.4,84.7
2026-07-07 11:34:27,1783420467.750,data_collection,19951,13.3,371.3
2026-07-07 11:34:29,1783420469.777,roscore,5544,0.0,3.9
2026-07-07 11:34:29,1783420469.777,roscore,5624,0.0,3.7
2026-07-07 11:34:29,1783420469.777,roscore,5915,0.5,43.2
2026-07-07 11:34:29,1783420469.777,rs_t265,5985,0.5,43.8
2026-07-07 11:34:29,1783420469.777,rs_t265,5999,9.4,87.6
2026-07-07 11:34:29,1783420469.777,rs_t265,6000,0.0,14.3
2026-07-07 11:34:29,1783420469.777,cam_capture_node,6080,4.9,84.7
2026-07-07 11:34:29,1783420469.777,data_collection,19951,15.3,371.3
2026-07-07 11:34:31,1783420471.804,roscore,5544,0.0,3.9
2026-07-07 11:34:31,1783420471.804,roscore,5624,0.5,3.7
2026-07-07 11:34:31,1783420471.804,roscore,5915,0.0,43.2
2026-07-07 11:34:31,1783420471.804,rs_t265,5985,0.0,43.8
2026-07-07 11:34:31,1783420471.804,rs_t265,5999,9.9,87.6
2026-07-07 11:34:31,1783420471.804,rs_t265,6000,0.5,14.3
2026-07-07 11:34:31,1783420471.804,cam_capture_node,6080,3.9,84.7
2026-07-07 11:34:31,1783420471.804,data_collection,19951,15.8,371.4
2026-07-07 11:34:33,1783420473.831,roscore,5544,0.0,3.9
2026-07-07 11:34:33,1783420473.831,roscore,5624,0.0,3.7
2026-07-07 11:34:33,1783420473.831,roscore,5915,0.5,43.2
2026-07-07 11:34:33,1783420473.831,rs_t265,5985,0.5,43.8
2026-07-07 11:34:33,1783420473.831,rs_t265,5999,9.9,87.6
2026-07-07 11:34:33,1783420473.831,rs_t265,6000,0.0,14.3
2026-07-07 11:34:33,1783420473.831,cam_capture_node,6080,4.9,84.7
2026-07-07 11:34:33,1783420473.831,data_collection,19951,15.3,371.6
2026-07-07 11:34:35,1783420475.859,roscore,5544,0.0,3.9
2026-07-07 11:34:35,1783420475.859,roscore,5624,0.0,3.7
2026-07-07 11:34:35,1783420475.859,roscore,5915,0.5,43.2
2026-07-07 11:34:35,1783420475.859,rs_t265,5985,0.5,43.8
2026-07-07 11:34:35,1783420475.859,rs_t265,5999,10.8,87.6
2026-07-07 11:34:35,1783420475.859,rs_t265,6000,0.5,14.3
2026-07-07 11:34:35,1783420475.859,cam_capture_node,6080,4.4,84.7
2026-07-07 11:34:35,1783420475.859,data_collection,19951,6.9,371.6
2026-07-07 11:34:37,1783420477.887,roscore,5544,0.0,3.9
2026-07-07 11:34:37,1783420477.887,roscore,5624,0.5,3.7
2026-07-07 11:34:37,1783420477.887,roscore,5915,0.0,43.2
2026-07-07 11:34:37,1783420477.887,rs_t265,5985,0.0,43.8
2026-07-07 11:34:37,1783420477.887,rs_t265,5999,8.9,87.6
2026-07-07 11:34:37,1783420477.887,rs_t265,6000,0.0,14.3
2026-07-07 11:34:37,1783420477.887,cam_capture_node,6080,4.0,84.7
2026-07-07 11:34:37,1783420477.887,data_collection,19951,6.9,371.6
2026-07-07 11:34:39,1783420479.912,roscore,5544,0.0,3.9
2026-07-07 11:34:39,1783420479.912,roscore,5624,0.0,3.7
2026-07-07 11:34:39,1783420479.912,roscore,5915,0.5,43.2
2026-07-07 11:34:39,1783420479.912,rs_t265,5985,0.5,43.8
2026-07-07 11:34:39,1783420479.912,rs_t265,5999,9.4,87.6
2026-07-07 11:34:39,1783420479.912,rs_t265,6000,1.0,14.3
2026-07-07 11:34:39,1783420479.912,cam_capture_node,6080,4.4,84.7
2026-07-07 11:34:39,1783420479.912,data_collection,19951,5.9,371.6
2026-07-07 11:34:41,1783420481.940,roscore,5544,0.0,3.9
2026-07-07 11:34:41,1783420481.940,roscore,5624,0.0,3.7
2026-07-07 11:34:41,1783420481.940,roscore,5915,0.0,43.2
2026-07-07 11:34:41,1783420481.940,rs_t265,5985,0.5,43.8
2026-07-07 11:34:41,1783420481.940,rs_t265,5999,9.4,87.6
2026-07-07 11:34:41,1783420481.940,rs_t265,6000,0.0,14.3
2026-07-07 11:34:41,1783420481.940,cam_capture_node,6080,3.9,84.7
2026-07-07 11:34:41,1783420481.940,data_collection,19951,6.9,371.6
2026-07-07 11:34:43,1783420483.966,roscore,5544,0.0,3.9
2026-07-07 11:34:43,1783420483.966,roscore,5624,0.0,3.7
2026-07-07 11:34:43,1783420483.966,roscore,5915,0.5,43.2
2026-07-07 11:34:43,1783420483.966,rs_t265,5985,0.0,43.8
2026-07-07 11:34:43,1783420483.966,rs_t265,5999,10.4,87.6
2026-07-07 11:34:43,1783420483.966,rs_t265,6000,0.5,14.3
2026-07-07 11:34:43,1783420483.966,cam_capture_node,6080,4.5,84.7
2026-07-07 11:34:43,1783420483.966,data_collection,19951,6.9,371.6
2026-07-07 11:34:45,1783420485.987,roscore,5544,0.0,3.9
2026-07-07 11:34:45,1783420485.987,roscore,5624,0.0,3.7
2026-07-07 11:34:45,1783420485.987,roscore,5915,0.0,43.2
2026-07-07 11:34:45,1783420485.987,rs_t265,5985,0.5,43.8
2026-07-07 11:34:45,1783420485.987,rs_t265,5999,9.9,87.6
2026-07-07 11:34:45,1783420485.987,rs_t265,6000,0.0,14.3
2026-07-07 11:34:45,1783420485.987,cam_capture_node,6080,3.9,84.7
2026-07-07 11:34:45,1783420485.987,data_collection,19951,7.9,371.6
2026-07-07 11:34:48,1783420488.015,roscore,5544,0.0,3.9
2026-07-07 11:34:48,1783420488.015,roscore,5624,0.0,3.7
2026-07-07 11:34:48,1783420488.015,roscore,5915,0.5,43.2
2026-07-07 11:34:48,1783420488.015,rs_t265,5985,0.0,43.8
2026-07-07 11:34:48,1783420488.015,rs_t265,5999,8.4,87.6
2026-07-07 11:34:48,1783420488.015,rs_t265,6000,0.5,14.3
2026-07-07 11:34:48,1783420488.015,cam_capture_node,6080,4.9,84.7
2026-07-07 11:34:48,1783420488.015,data_collection,19951,5.9,371.6
2026-07-07 11:34:50,1783420490.043,roscore,5544,0.0,3.9
2026-07-07 11:34:50,1783420490.043,roscore,5624,0.0,3.7
2026-07-07 11:34:50,1783420490.043,roscore,5915,0.0,43.2
2026-07-07 11:34:50,1783420490.043,rs_t265,5985,1.0,43.8
2026-07-07 11:34:50,1783420490.043,rs_t265,5999,10.4,87.6
2026-07-07 11:34:50,1783420490.043,rs_t265,6000,0.5,14.3
2026-07-07 11:34:50,1783420490.043,cam_capture_node,6080,3.9,84.7
2026-07-07 11:34:50,1783420490.043,data_collection,19951,6.9,371.6
2026-07-07 11:34:52,1783420492.072,roscore,5544,0.0,3.9
2026-07-07 11:34:52,1783420492.072,roscore,5624,0.5,3.7
2026-07-07 11:34:52,1783420492.072,roscore,5915,1.0,43.2
2026-07-07 11:34:52,1783420492.072,rs_t265,5985,0.0,43.8
2026-07-07 11:34:52,1783420492.072,rs_t265,5999,9.9,87.6
2026-07-07 11:34:52,1783420492.072,rs_t265,6000,0.0,14.3
2026-07-07 11:34:52,1783420492.072,cam_capture_node,6080,5.4,84.7
2026-07-07 11:34:52,1783420492.072,data_collection,19951,5.9,371.6
2026-07-07 11:34:54,1783420494.099,roscore,5544,0.0,3.9
2026-07-07 11:34:54,1783420494.099,roscore,5624,0.0,3.7
2026-07-07 11:34:54,1783420494.099,roscore,5915,0.0,43.2
2026-07-07 11:34:54,1783420494.099,rs_t265,5985,0.5,43.8
2026-07-07 11:34:54,1783420494.099,rs_t265,5999,10.4,87.6
2026-07-07 11:34:54,1783420494.099,rs_t265,6000,0.0,14.3
2026-07-07 11:34:54,1783420494.099,cam_capture_node,6080,3.9,84.7
2026-07-07 11:34:54,1783420494.099,data_collection,19951,7.9,371.6
2026-07-07 11:34:56,1783420496.127,roscore,5544,0.0,3.9
2026-07-07 11:34:56,1783420496.127,roscore,5624,0.0,3.7
2026-07-07 11:34:56,1783420496.127,roscore,5915,0.5,43.2
2026-07-07 11:34:56,1783420496.127,rs_t265,5985,0.5,43.8
2026-07-07 11:34:56,1783420496.127,rs_t265,5999,7.9,87.6
2026-07-07 11:34:56,1783420496.127,rs_t265,6000,0.5,14.3
2026-07-07 11:34:56,1783420496.127,cam_capture_node,6080,4.5,84.7
2026-07-07 11:34:56,1783420496.127,data_collection,19951,6.0,371.6
2026-07-07 11:34:58,1783420498.143,roscore,5544,0.0,3.9
2026-07-07 11:34:58,1783420498.143,roscore,5624,0.0,3.7
2026-07-07 11:34:58,1783420498.143,roscore,5915,0.0,43.2
2026-07-07 11:34:58,1783420498.143,rs_t265,5985,0.0,43.8
2026-07-07 11:34:58,1783420498.143,rs_t265,5999,9.9,87.6
2026-07-07 11:34:58,1783420498.143,rs_t265,6000,0.0,14.3
2026-07-07 11:34:58,1783420498.143,cam_capture_node,6080,4.4,84.7
2026-07-07 11:34:58,1783420498.143,data_collection,19951,7.4,371.6
2026-07-07 11:35:00,1783420500.171,roscore,5544,0.0,3.9
2026-07-07 11:35:00,1783420500.171,roscore,5624,0.0,3.7
2026-07-07 11:35:00,1783420500.171,roscore,5915,0.5,43.2
2026-07-07 11:35:00,1783420500.171,rs_t265,5985,0.5,43.8
2026-07-07 11:35:00,1783420500.171,rs_t265,5999,8.4,87.6
2026-07-07 11:35:00,1783420500.171,rs_t265,6000,1.0,14.3
2026-07-07 11:35:00,1783420500.171,cam_capture_node,6080,3.5,84.7
2026-07-07 11:35:00,1783420500.171,data_collection,19951,4.0,371.6
2026-07-07 11:35:02,1783420502.186,roscore,5544,0.0,3.9
2026-07-07 11:35:02,1783420502.186,roscore,5624,0.5,3.7
2026-07-07 11:35:02,1783420502.186,roscore,5915,0.5,43.2
2026-07-07 11:35:02,1783420502.186,rs_t265,5985,0.0,43.8
2026-07-07 11:35:02,1783420502.186,rs_t265,5999,10.4,87.6
2026-07-07 11:35:02,1783420502.186,rs_t265,6000,0.5,14.3
2026-07-07 11:35:02,1783420502.186,cam_capture_node,6080,4.9,84.7
2026-07-07 11:35:02,1783420502.186,data_collection,19951,6.9,371.6
2026-07-07 11:35:04,1783420504.214,roscore,5544,0.0,3.9
2026-07-07 11:35:04,1783420504.214,roscore,5624,0.0,3.7
2026-07-07 11:35:04,1783420504.214,roscore,5915,0.0,43.2
2026-07-07 11:35:04,1783420504.214,rs_t265,5985,0.5,43.8
2026-07-07 11:35:04,1783420504.214,rs_t265,5999,9.9,87.6
2026-07-07 11:35:04,1783420504.214,rs_t265,6000,0.0,14.3
2026-07-07 11:35:04,1783420504.214,cam_capture_node,6080,3.9,84.7
2026-07-07 11:35:04,1783420504.214,data_collection,19951,7.9,371.6
2026-07-07 11:35:06,1783420506.241,roscore,5544,0.0,3.9
2026-07-07 11:35:06,1783420506.241,roscore,5624,0.5,3.7
2026-07-07 11:35:06,1783420506.241,roscore,5915,0.5,43.2
2026-07-07 11:35:06,1783420506.241,rs_t265,5985,0.0,43.8
2026-07-07 11:35:06,1783420506.241,rs_t265,5999,9.4,87.6
2026-07-07 11:35:06,1783420506.241,rs_t265,6000,0.5,14.3
2026-07-07 11:35:06,1783420506.241,cam_capture_node,6080,4.0,84.7
2026-07-07 11:35:06,1783420506.241,data_collection,19951,6.9,371.6
2026-07-07 11:35:08,1783420508.256,roscore,5544,0.0,3.9
2026-07-07 11:35:08,1783420508.256,roscore,5624,0.0,3.7
2026-07-07 11:35:08,1783420508.256,roscore,5915,0.5,43.2
2026-07-07 11:35:08,1783420508.256,rs_t265,5985,0.5,43.8
2026-07-07 11:35:08,1783420508.256,rs_t265,5999,10.4,87.6
2026-07-07 11:35:08,1783420508.256,rs_t265,6000,0.0,14.3
2026-07-07 11:35:08,1783420508.256,cam_capture_node,6080,4.4,84.7
2026-07-07 11:35:08,1783420508.256,data_collection,19951,7.9,371.6
2026-07-07 11:35:10,1783420510.284,roscore,5544,0.0,3.9
2026-07-07 11:35:10,1783420510.284,roscore,5624,0.0,3.7
2026-07-07 11:35:10,1783420510.284,roscore,5915,0.0,43.2
2026-07-07 11:35:10,1783420510.284,rs_t265,5985,0.0,43.8
2026-07-07 11:35:10,1783420510.284,rs_t265,5999,9.9,87.6
2026-07-07 11:35:10,1783420510.284,rs_t265,6000,0.0,14.3
2026-07-07 11:35:10,1783420510.284,cam_capture_node,6080,4.4,84.7
2026-07-07 11:35:10,1783420510.284,data_collection,19951,14.3,371.7
2026-07-07 11:35:12,1783420512.311,roscore,5544,0.0,3.9
2026-07-07 11:35:12,1783420512.311,roscore,5624,0.0,3.7
2026-07-07 11:35:12,1783420512.311,roscore,5915,0.5,43.2
2026-07-07 11:35:12,1783420512.311,rs_t265,5985,0.5,43.8
2026-07-07 11:35:12,1783420512.311,rs_t265,5999,10.4,87.6
2026-07-07 11:35:12,1783420512.311,rs_t265,6000,0.5,14.3
2026-07-07 11:35:12,1783420512.311,cam_capture_node,6080,4.4,84.7
2026-07-07 11:35:12,1783420512.311,data_collection,19951,14.3,371.7
2026-07-07 11:35:14,1783420514.337,roscore,5544,0.0,3.9
2026-07-07 11:35:14,1783420514.337,roscore,5624,0.0,3.7
2026-07-07 11:35:14,1783420514.337,roscore,5915,0.5,43.2
2026-07-07 11:35:14,1783420514.337,rs_t265,5985,0.5,43.8
2026-07-07 11:35:14,1783420514.337,rs_t265,5999,9.9,87.6
2026-07-07 11:35:14,1783420514.337,rs_t265,6000,0.0,14.3
2026-07-07 11:35:14,1783420514.337,cam_capture_node,6080,3.9,84.7
2026-07-07 11:35:14,1783420514.337,data_collection,19951,14.3,371.9
2026-07-07 11:35:16,1783420516.365,roscore,5544,0.0,3.9
2026-07-07 11:35:16,1783420516.365,roscore,5624,0.0,3.7
2026-07-07 11:35:16,1783420516.365,roscore,5915,0.0,43.2
2026-07-07 11:35:16,1783420516.365,rs_t265,5985,0.5,43.8
2026-07-07 11:35:16,1783420516.365,rs_t265,5999,10.9,87.6
2026-07-07 11:35:16,1783420516.365,rs_t265,6000,0.5,14.3
2026-07-07 11:35:16,1783420516.365,cam_capture_node,6080,4.4,84.7
2026-07-07 11:35:16,1783420516.365,data_collection,19951,9.4,371.9
2026-07-07 11:35:18,1783420518.391,roscore,5544,0.0,3.9
2026-07-07 11:35:18,1783420518.391,roscore,5624,0.5,3.7
2026-07-07 11:35:18,1783420518.391,roscore,5915,0.5,43.2
2026-07-07 11:35:18,1783420518.391,rs_t265,5985,0.5,43.8
2026-07-07 11:35:18,1783420518.391,rs_t265,5999,10.4,87.6
2026-07-07 11:35:18,1783420518.391,rs_t265,6000,0.5,14.3
2026-07-07 11:35:18,1783420518.391,cam_capture_node,6080,4.9,84.7
2026-07-07 11:35:18,1783420518.391,data_collection,19951,8.4,371.9
2026-07-07 11:35:20,1783420520.417,roscore,5544,0.0,3.9
2026-07-07 11:35:20,1783420520.417,roscore,5624,0.0,3.7
2026-07-07 11:35:20,1783420520.417,roscore,5915,0.0,43.2
2026-07-07 11:35:20,1783420520.417,rs_t265,5985,0.5,43.8
2026-07-07 11:35:20,1783420520.417,rs_t265,5999,9.4,87.6
2026-07-07 11:35:20,1783420520.417,rs_t265,6000,0.0,14.3
2026-07-07 11:35:20,1783420520.417,cam_capture_node,6080,4.0,84.7
2026-07-07 11:35:20,1783420520.417,data_collection,19951,14.9,372.2
2026-07-07 11:35:22,1783420522.432,roscore,5544,0.0,3.9
2026-07-07 11:35:22,1783420522.432,roscore,5624,0.5,3.7
2026-07-07 11:35:22,1783420522.432,roscore,5915,0.5,43.2
2026-07-07 11:35:22,1783420522.432,rs_t265,5985,0.0,43.8
2026-07-07 11:35:22,1783420522.432,rs_t265,5999,9.4,87.6
2026-07-07 11:35:22,1783420522.432,rs_t265,6000,1.0,14.3
2026-07-07 11:35:22,1783420522.432,cam_capture_node,6080,4.0,84.7
2026-07-07 11:35:22,1783420522.432,data_collection,19951,14.3,372.2
2026-07-07 11:35:24,1783420524.457,roscore,5544,0.0,3.9
2026-07-07 11:35:24,1783420524.457,roscore,5624,0.0,3.7
2026-07-07 11:35:24,1783420524.457,roscore,5915,0.5,43.2
2026-07-07 11:35:24,1783420524.457,rs_t265,5985,0.5,43.8
2026-07-07 11:35:24,1783420524.457,rs_t265,5999,8.4,87.6
2026-07-07 11:35:24,1783420524.457,rs_t265,6000,0.0,14.3
2026-07-07 11:35:24,1783420524.457,cam_capture_node,6080,3.9,84.7
2026-07-07 11:35:24,1783420524.457,data_collection,19951,13.3,372.2
2026-07-07 11:35:26,1783420526.485,roscore,5544,0.0,3.9
2026-07-07 11:35:26,1783420526.485,roscore,5624,0.0,3.7
2026-07-07 11:35:26,1783420526.485,roscore,5915,0.0,43.2
2026-07-07 11:35:26,1783420526.485,rs_t265,5985,0.0,43.8
2026-07-07 11:35:26,1783420526.485,rs_t265,5999,9.4,87.6
2026-07-07 11:35:26,1783420526.485,rs_t265,6000,0.5,14.3
2026-07-07 11:35:26,1783420526.485,cam_capture_node,6080,4.4,84.7
2026-07-07 11:35:26,1783420526.485,data_collection,19951,14.8,372.3
2026-07-07 11:35:28,1783420528.512,roscore,5544,0.0,3.9
2026-07-07 11:35:28,1783420528.512,roscore,5624,0.0,3.7
2026-07-07 11:35:28,1783420528.512,roscore,5915,0.5,43.2
2026-07-07 11:35:28,1783420528.512,rs_t265,5985,0.5,43.8
2026-07-07 11:35:28,1783420528.512,rs_t265,5999,9.9,87.6
2026-07-07 11:35:28,1783420528.512,rs_t265,6000,0.0,14.3
2026-07-07 11:35:28,1783420528.512,cam_capture_node,6080,3.9,84.7
2026-07-07 11:35:28,1783420528.512,data_collection,19951,8.9,372.3
2026-07-07 11:35:30,1783420530.540,roscore,5544,0.0,3.9
2026-07-07 11:35:30,1783420530.540,roscore,5624,0.0,3.7
2026-07-07 11:35:30,1783420530.540,roscore,5915,0.0,43.2
2026-07-07 11:35:30,1783420530.540,rs_t265,5985,0.0,43.8
2026-07-07 11:35:30,1783420530.540,rs_t265,5999,9.4,87.6
2026-07-07 11:35:30,1783420530.540,rs_t265,6000,0.5,14.3
2026-07-07 11:35:30,1783420530.540,cam_capture_node,6080,4.9,84.7
2026-07-07 11:35:30,1783420530.540,data_collection,19951,6.9,372.3
2026-07-07 11:35:32,1783420532.568,roscore,5544,0.0,3.9
2026-07-07 11:35:32,1783420532.568,roscore,5624,0.0,3.7
2026-07-07 11:35:32,1783420532.568,roscore,5915,0.5,43.2
2026-07-07 11:35:32,1783420532.568,rs_t265,5985,0.5,43.8
2026-07-07 11:35:32,1783420532.568,rs_t265,5999,7.9,87.6
2026-07-07 11:35:32,1783420532.568,rs_t265,6000,0.0,14.3
2026-07-07 11:35:32,1783420532.568,cam_capture_node,6080,3.9,84.7
2026-07-07 11:35:32,1783420532.568,data_collection,19951,4.9,372.3
2026-07-07 11:35:34,1783420534.596,roscore,5544,0.0,3.9
2026-07-07 11:35:34,1783420534.596,roscore,5624,0.5,3.7
2026-07-07 11:35:34,1783420534.596,roscore,5915,0.0,43.2
2026-07-07 11:35:34,1783420534.596,rs_t265,5985,0.0,43.8
2026-07-07 11:35:34,1783420534.596,rs_t265,5999,7.9,87.6
2026-07-07 11:35:34,1783420534.596,rs_t265,6000,0.0,14.3
2026-07-07 11:35:34,1783420534.596,cam_capture_node,6080,3.9,84.7
2026-07-07 11:35:34,1783420534.596,data_collection,19951,5.4,372.3
2026-07-07 11:35:36,1783420536.623,roscore,5544,0.0,3.9
2026-07-07 11:35:36,1783420536.623,roscore,5624,0.0,3.7
2026-07-07 11:35:36,1783420536.623,roscore,5915,0.5,43.2
2026-07-07 11:35:36,1783420536.623,rs_t265,5985,0.5,43.8
2026-07-07 11:35:36,1783420536.623,rs_t265,5999,7.4,87.6
2026-07-07 11:35:36,1783420536.623,rs_t265,6000,0.5,14.3
2026-07-07 11:35:36,1783420536.623,cam_capture_node,6080,4.4,84.7
2026-07-07 11:35:36,1783420536.623,data_collection,19951,5.4,372.3
2026-07-07 11:35:38,1783420538.651,roscore,5544,0.0,3.9
2026-07-07 11:35:38,1783420538.651,roscore,5624,0.5,3.7
2026-07-07 11:35:38,1783420538.651,roscore,5915,0.5,43.2
2026-07-07 11:35:38,1783420538.651,rs_t265,5985,0.5,43.8
2026-07-07 11:35:38,1783420538.651,rs_t265,5999,9.9,87.6
2026-07-07 11:35:38,1783420538.651,rs_t265,6000,0.5,14.3
2026-07-07 11:35:38,1783420538.651,cam_capture_node,6080,4.4,84.7
2026-07-07 11:35:38,1783420538.651,data_collection,19951,15.3,372.3
2026-07-07 11:35:40,1783420540.678,roscore,5544,0.0,3.9
2026-07-07 11:35:40,1783420540.678,roscore,5624,0.0,3.7
2026-07-07 11:35:40,1783420540.678,roscore,5915,0.5,43.2
2026-07-07 11:35:40,1783420540.678,rs_t265,5985,0.0,43.8
2026-07-07 11:35:40,1783420540.678,rs_t265,5999,10.4,87.6
2026-07-07 11:35:40,1783420540.678,rs_t265,6000,0.0,14.3
2026-07-07 11:35:40,1783420540.678,cam_capture_node,6080,3.9,84.7
2026-07-07 11:35:40,1783420540.678,data_collection,19951,14.8,372.7
2026-07-07 11:35:42,1783420542.706,roscore,5544,0.0,3.9
2026-07-07 11:35:42,1783420542.706,roscore,5624,0.0,3.7
2026-07-07 11:35:42,1783420542.706,roscore,5915,0.5,43.2
2026-07-07 11:35:42,1783420542.706,rs_t265,5985,0.5,43.8
2026-07-07 11:35:42,1783420542.706,rs_t265,5999,8.4,87.6
2026-07-07 11:35:42,1783420542.706,rs_t265,6000,0.5,14.3
2026-07-07 11:35:42,1783420542.706,cam_capture_node,6080,4.4,84.7
2026-07-07 11:35:42,1783420542.706,data_collection,19951,13.3,372.8
2026-07-07 11:35:44,1783420544.735,roscore,5544,0.0,3.9
2026-07-07 11:35:44,1783420544.735,roscore,5624,0.0,3.7
2026-07-07 11:35:44,1783420544.735,roscore,5915,0.0,43.2
2026-07-07 11:35:44,1783420544.735,rs_t265,5985,1.0,43.8
2026-07-07 11:35:44,1783420544.735,rs_t265,5999,8.9,87.6
2026-07-07 11:35:44,1783420544.735,rs_t265,6000,0.0,14.3
2026-07-07 11:35:44,1783420544.735,cam_capture_node,6080,3.9,84.7
2026-07-07 11:35:44,1783420544.735,data_collection,19951,8.9,372.8
2026-07-07 11:35:46,1783420546.761,roscore,5544,0.0,3.9
2026-07-07 11:35:46,1783420546.761,roscore,5624,0.0,3.7
2026-07-07 11:35:46,1783420546.761,roscore,5915,0.5,43.2
2026-07-07 11:35:46,1783420546.761,rs_t265,5985,0.0,43.8
2026-07-07 11:35:46,1783420546.761,rs_t265,5999,7.9,87.6
2026-07-07 11:35:46,1783420546.761,rs_t265,6000,0.0,14.3
2026-07-07 11:35:46,1783420546.761,cam_capture_node,6080,3.9,84.7
2026-07-07 11:35:46,1783420546.761,data_collection,19951,5.4,372.8
2026-07-07 11:35:48,1783420548.787,roscore,5544,0.0,3.9
2026-07-07 11:35:48,1783420548.787,roscore,5624,0.0,3.7
2026-07-07 11:35:48,1783420548.787,roscore,5915,0.0,43.2
2026-07-07 11:35:48,1783420548.787,rs_t265,5985,0.5,43.8
2026-07-07 11:35:48,1783420548.787,rs_t265,5999,9.9,87.6
2026-07-07 11:35:48,1783420548.787,rs_t265,6000,1.0,14.3
2026-07-07 11:35:48,1783420548.787,cam_capture_node,6080,4.0,84.7
2026-07-07 11:35:48,1783420548.787,data_collection,19951,6.4,372.8
2026-07-07 11:35:50,1783420550.811,roscore,5544,0.0,3.9
2026-07-07 11:35:50,1783420550.811,roscore,5624,0.0,3.7
2026-07-07 11:35:50,1783420550.811,roscore,5915,0.5,43.2
2026-07-07 11:35:50,1783420550.811,rs_t265,5985,0.0,43.8
2026-07-07 11:35:50,1783420550.811,rs_t265,5999,10.4,87.6
2026-07-07 11:35:50,1783420550.811,rs_t265,6000,0.0,14.3
2026-07-07 11:35:50,1783420550.811,cam_capture_node,6080,4.4,84.7
2026-07-07 11:35:50,1783420550.811,data_collection,19951,7.4,372.8
2026-07-07 11:35:52,1783420552.836,roscore,5544,0.0,3.9
2026-07-07 11:35:52,1783420552.836,roscore,5624,0.0,3.7
2026-07-07 11:35:52,1783420552.836,roscore,5915,0.5,43.2
2026-07-07 11:35:52,1783420552.836,rs_t265,5985,0.5,43.8
2026-07-07 11:35:52,1783420552.836,rs_t265,5999,10.4,87.6
2026-07-07 11:35:52,1783420552.836,rs_t265,6000,0.0,14.3
2026-07-07 11:35:52,1783420552.836,cam_capture_node,6080,4.4,84.7
2026-07-07 11:35:52,1783420552.836,data_collection,19951,7.4,372.8
2026-07-07 11:35:54,1783420554.863,roscore,5544,0.0,3.9
2026-07-07 11:35:54,1783420554.863,roscore,5624,1.0,3.7
2026-07-07 11:35:54,1783420554.863,roscore,5915,0.0,43.2
2026-07-07 11:35:54,1783420554.863,rs_t265,5985,0.5,43.8
2026-07-07 11:35:54,1783420554.863,rs_t265,5999,9.9,87.6
2026-07-07 11:35:54,1783420554.863,rs_t265,6000,0.5,14.3
2026-07-07 11:35:54,1783420554.863,cam_capture_node,6080,3.9,84.7
2026-07-07 11:35:54,1783420554.863,data_collection,19951,11.3,372.8
2026-07-07 11:35:56,1783420556.889,roscore,5544,0.0,3.9
2026-07-07 11:35:56,1783420556.889,roscore,5624,0.0,3.7
2026-07-07 11:35:56,1783420556.889,roscore,5915,0.5,43.2
2026-07-07 11:35:56,1783420556.889,rs_t265,5985,0.0,43.8
2026-07-07 11:35:56,1783420556.889,rs_t265,5999,9.9,87.6
2026-07-07 11:35:56,1783420556.889,rs_t265,6000,0.5,14.3
2026-07-07 11:35:56,1783420556.889,cam_capture_node,6080,3.9,84.7
2026-07-07 11:35:56,1783420556.889,data_collection,19951,14.3,373.1
2026-07-07 11:35:58,1783420558.917,roscore,5544,0.0,3.9
2026-07-07 11:35:58,1783420558.917,roscore,5624,0.0,3.7
2026-07-07 11:35:58,1783420558.917,roscore,5915,0.0,43.2
2026-07-07 11:35:58,1783420558.917,rs_t265,5985,0.5,43.8
2026-07-07 11:35:58,1783420558.917,rs_t265,5999,9.4,87.6
2026-07-07 11:35:58,1783420558.917,rs_t265,6000,0.0,14.3
2026-07-07 11:35:58,1783420558.917,cam_capture_node,6080,4.4,84.7
2026-07-07 11:35:58,1783420558.917,data_collection,19951,12.8,373.4
2026-07-07 11:36:00,1783420560.945,roscore,5544,0.0,3.9
2026-07-07 11:36:00,1783420560.945,roscore,5624,0.0,3.7
2026-07-07 11:36:00,1783420560.945,roscore,5915,0.5,43.2
2026-07-07 11:36:00,1783420560.945,rs_t265,5985,0.0,43.8
2026-07-07 11:36:00,1783420560.945,rs_t265,5999,9.9,87.6
2026-07-07 11:36:00,1783420560.945,rs_t265,6000,0.0,14.3
2026-07-07 11:36:00,1783420560.945,cam_capture_node,6080,4.4,84.7
2026-07-07 11:36:00,1783420560.945,data_collection,19951,13.3,373.4
2026-07-07 11:36:02,1783420562.973,roscore,5544,0.0,3.9
2026-07-07 11:36:02,1783420562.973,roscore,5624,0.0,3.7
2026-07-07 11:36:02,1783420562.973,roscore,5915,0.0,43.2
2026-07-07 11:36:02,1783420562.973,rs_t265,5985,0.5,43.8
2026-07-07 11:36:02,1783420562.973,rs_t265,5999,9.4,87.6
2026-07-07 11:36:02,1783420562.973,rs_t265,6000,0.5,14.3
2026-07-07 11:36:02,1783420562.973,cam_capture_node,6080,4.5,84.7
2026-07-07 11:36:02,1783420562.973,data_collection,19951,6.5,373.4
2026-07-07 11:36:04,1783420564.987,roscore,5544,0.0,3.9
2026-07-07 11:36:04,1783420564.987,roscore,5624,0.0,3.7
2026-07-07 11:36:04,1783420564.987,roscore,5915,1.0,43.2
2026-07-07 11:36:04,1783420564.987,rs_t265,5985,0.0,43.8
2026-07-07 11:36:04,1783420564.987,rs_t265,5999,9.8,87.6
2026-07-07 11:36:04,1783420564.987,rs_t265,6000,0.5,14.3
2026-07-07 11:36:04,1783420564.987,cam_capture_node,6080,4.4,84.7
2026-07-07 11:36:04,1783420564.987,data_collection,19951,7.9,373.8
2026-07-07 11:36:07,1783420567.022,roscore,5544,0.0,3.9
2026-07-07 11:36:07,1783420567.022,roscore,5624,0.0,3.7
2026-07-07 11:36:07,1783420567.022,roscore,5915,0.0,43.2
2026-07-07 11:36:07,1783420567.022,rs_t265,5985,0.5,43.8
2026-07-07 11:36:07,1783420567.022,rs_t265,5999,10.4,87.6
2026-07-07 11:36:07,1783420567.022,rs_t265,6000,0.0,14.3
2026-07-07 11:36:07,1783420567.022,cam_capture_node,6080,4.4,84.7
2026-07-07 11:36:07,1783420567.022,data_collection,19951,7.4,373.8
2026-07-07 11:36:09,1783420569.050,roscore,5544,0.0,3.9
2026-07-07 11:36:09,1783420569.050,roscore,5624,0.5,3.7
2026-07-07 11:36:09,1783420569.050,roscore,5915,0.5,43.2
2026-07-07 11:36:09,1783420569.050,rs_t265,5985,0.0,43.8
2026-07-07 11:36:09,1783420569.050,rs_t265,5999,9.4,87.6
2026-07-07 11:36:09,1783420569.050,rs_t265,6000,0.5,14.3
2026-07-07 11:36:09,1783420569.050,cam_capture_node,6080,4.9,84.7
2026-07-07 11:36:09,1783420569.050,data_collection,19951,13.3,373.9
2026-07-07 11:36:11,1783420571.077,roscore,5544,0.0,3.9
2026-07-07 11:36:11,1783420571.077,roscore,5624,0.5,3.7
2026-07-07 11:36:11,1783420571.077,roscore,5915,0.0,43.2
2026-07-07 11:36:11,1783420571.077,rs_t265,5985,0.5,43.8
2026-07-07 11:36:11,1783420571.077,rs_t265,5999,8.9,87.6
2026-07-07 11:36:11,1783420571.077,rs_t265,6000,0.0,14.3
2026-07-07 11:36:11,1783420571.077,cam_capture_node,6080,3.9,84.7
2026-07-07 11:36:11,1783420571.077,data_collection,19951,14.8,373.9
2026-07-07 11:36:13,1783420573.106,roscore,5544,0.0,3.9
2026-07-07 11:36:13,1783420573.106,roscore,5624,0.0,3.7
2026-07-07 11:36:13,1783420573.106,roscore,5915,0.5,43.2
2026-07-07 11:36:13,1783420573.106,rs_t265,5985,0.0,43.8
2026-07-07 11:36:13,1783420573.106,rs_t265,5999,9.4,87.6
2026-07-07 11:36:13,1783420573.106,rs_t265,6000,0.5,14.3
2026-07-07 11:36:13,1783420573.106,cam_capture_node,6080,4.9,84.7
2026-07-07 11:36:13,1783420573.106,data_collection,19951,14.3,373.9
2026-07-07 11:36:15,1783420575.133,roscore,5544,0.0,3.9
2026-07-07 11:36:15,1783420575.133,roscore,5624,0.0,3.7
2026-07-07 11:36:15,1783420575.133,roscore,5915,0.5,43.2
2026-07-07 11:36:15,1783420575.133,rs_t265,5985,0.5,43.8
2026-07-07 11:36:15,1783420575.133,rs_t265,5999,9.8,87.6
2026-07-07 11:36:15,1783420575.133,rs_t265,6000,0.5,14.3
2026-07-07 11:36:15,1783420575.133,cam_capture_node,6080,3.9,84.7
2026-07-07 11:36:15,1783420575.133,data_collection,19951,9.8,373.9
2026-07-07 11:36:17,1783420577.165,roscore,5544,0.0,3.9
2026-07-07 11:36:17,1783420577.165,roscore,5624,0.0,3.7
2026-07-07 11:36:17,1783420577.165,roscore,5915,0.0,43.2
2026-07-07 11:36:17,1783420577.165,rs_t265,5985,0.5,43.8
2026-07-07 11:36:17,1783420577.165,rs_t265,5999,10.9,87.6
2026-07-07 11:36:17,1783420577.165,rs_t265,6000,0.0,14.3
2026-07-07 11:36:17,1783420577.165,cam_capture_node,6080,4.9,84.7
2026-07-07 11:36:17,1783420577.165,data_collection,19951,7.9,374.1
2026-07-07 11:36:19,1783420579.191,roscore,5544,0.0,3.9
2026-07-07 11:36:19,1783420579.191,roscore,5624,0.0,3.7
2026-07-07 11:36:19,1783420579.191,roscore,5915,0.5,43.2
2026-07-07 11:36:19,1783420579.191,rs_t265,5985,0.0,43.8
2026-07-07 11:36:19,1783420579.191,rs_t265,5999,8.4,87.6
2026-07-07 11:36:19,1783420579.191,rs_t265,6000,0.5,14.3
2026-07-07 11:36:19,1783420579.191,cam_capture_node,6080,4.5,84.7
2026-07-07 11:36:19,1783420579.191,data_collection,19951,6.0,374.2
2026-07-07 11:36:21,1783420581.206,roscore,5544,0.0,3.9
2026-07-07 11:36:21,1783420581.206,roscore,5624,0.0,3.7
2026-07-07 11:36:21,1783420581.206,roscore,5915,0.0,43.2
2026-07-07 11:36:21,1783420581.206,rs_t265,5985,0.5,43.8
2026-07-07 11:36:21,1783420581.206,rs_t265,5999,9.9,87.6
2026-07-07 11:36:21,1783420581.206,rs_t265,6000,0.0,14.3
2026-07-07 11:36:21,1783420581.206,cam_capture_node,6080,4.4,84.7
2026-07-07 11:36:21,1783420581.206,data_collection,19951,7.4,374.2
2026-07-07 11:36:23,1783420583.233,roscore,5544,0.0,3.9
2026-07-07 11:36:23,1783420583.233,roscore,5624,0.0,3.7
2026-07-07 11:36:23,1783420583.233,roscore,5915,0.5,43.2
2026-07-07 11:36:23,1783420583.233,rs_t265,5985,0.0,43.8
2026-07-07 11:36:23,1783420583.233,rs_t265,5999,9.8,87.6
2026-07-07 11:36:23,1783420583.233,rs_t265,6000,1.0,14.3
2026-07-07 11:36:23,1783420583.233,cam_capture_node,6080,3.9,84.7
2026-07-07 11:36:23,1783420583.233,data_collection,19951,6.9,374.2
2026-07-07 11:36:25,1783420585.266,roscore,5544,0.0,3.9
2026-07-07 11:36:25,1783420585.266,roscore,5624,0.5,3.7
2026-07-07 11:36:25,1783420585.266,roscore,5915,0.0,43.2
2026-07-07 11:36:25,1783420585.266,rs_t265,5985,0.5,43.8
2026-07-07 11:36:25,1783420585.266,rs_t265,5999,8.9,87.6
2026-07-07 11:36:25,1783420585.266,rs_t265,6000,0.0,14.3
2026-07-07 11:36:25,1783420585.266,cam_capture_node,6080,4.4,84.7
2026-07-07 11:36:25,1783420585.266,data_collection,19951,13.8,374.2
2026-07-07 11:36:27,1783420587.297,roscore,5544,0.0,3.9
2026-07-07 11:36:27,1783420587.297,roscore,5624,0.0,3.7
2026-07-07 11:36:27,1783420587.297,roscore,5915,0.5,43.2
2026-07-07 11:36:27,1783420587.297,rs_t265,5985,0.5,43.8
2026-07-07 11:36:27,1783420587.297,rs_t265,5999,9.8,87.6
2026-07-07 11:36:27,1783420587.297,rs_t265,6000,0.0,14.3
2026-07-07 11:36:27,1783420587.297,cam_capture_node,6080,3.9,84.7
2026-07-07 11:36:27,1783420587.297,data_collection,19951,15.2,374.2
2026-07-07 11:36:29,1783420589.332,roscore,5544,0.0,3.9
2026-07-07 11:36:29,1783420589.332,roscore,5624,0.0,3.7
2026-07-07 11:36:29,1783420589.332,roscore,5915,0.5,43.2
2026-07-07 11:36:29,1783420589.332,rs_t265,5985,0.0,43.8
2026-07-07 11:36:29,1783420589.332,rs_t265,5999,9.4,87.6
2026-07-07 11:36:29,1783420589.332,rs_t265,6000,0.0,14.3
2026-07-07 11:36:29,1783420589.332,cam_capture_node,6080,3.9,84.7
2026-07-07 11:36:29,1783420589.332,data_collection,19951,14.3,374.4
2026-07-07 11:36:31,1783420591.359,roscore,5544,0.0,3.9
2026-07-07 11:36:31,1783420591.359,roscore,5624,0.0,3.7
2026-07-07 11:36:31,1783420591.359,roscore,5915,0.5,43.2
2026-07-07 11:36:31,1783420591.359,rs_t265,5985,0.5,43.8
2026-07-07 11:36:31,1783420591.359,rs_t265,5999,9.9,87.6
2026-07-07 11:36:31,1783420591.359,rs_t265,6000,1.0,14.3
2026-07-07 11:36:31,1783420591.359,cam_capture_node,6080,4.4,84.7
2026-07-07 11:36:31,1783420591.359,data_collection,19951,8.9,374.7
2026-07-07 11:36:33,1783420593.387,roscore,5544,0.0,3.9
2026-07-07 11:36:33,1783420593.387,roscore,5624,0.0,3.7
2026-07-07 11:36:33,1783420593.387,roscore,5915,0.5,43.2
2026-07-07 11:36:33,1783420593.387,rs_t265,5985,0.5,43.8
2026-07-07 11:36:33,1783420593.387,rs_t265,5999,8.9,87.6
2026-07-07 11:36:33,1783420593.387,rs_t265,6000,0.0,14.3
2026-07-07 11:36:33,1783420593.387,cam_capture_node,6080,4.4,84.7
2026-07-07 11:36:33,1783420593.387,data_collection,19951,5.9,374.7
2026-07-07 11:36:35,1783420595.421,roscore,5544,0.0,3.9
2026-07-07 11:36:35,1783420595.421,roscore,5624,0.5,3.7
2026-07-07 11:36:35,1783420595.421,roscore,5915,0.0,43.2
2026-07-07 11:36:35,1783420595.421,rs_t265,5985,0.5,43.8
2026-07-07 11:36:35,1783420595.421,rs_t265,5999,9.9,87.6
2026-07-07 11:36:35,1783420595.421,rs_t265,6000,0.5,14.3
2026-07-07 11:36:35,1783420595.421,cam_capture_node,6080,4.0,84.7
2026-07-07 11:36:35,1783420595.421,data_collection,19951,5.9,374.9
2026-07-07 11:36:37,1783420597.446,roscore,5544,0.0,3.9
2026-07-07 11:36:37,1783420597.446,roscore,5624,0.0,3.7
2026-07-07 11:36:37,1783420597.446,roscore,5915,0.5,43.2
2026-07-07 11:36:37,1783420597.446,rs_t265,5985,0.0,43.8
2026-07-07 11:36:37,1783420597.446,rs_t265,5999,10.4,87.6
2026-07-07 11:36:37,1783420597.446,rs_t265,6000,0.0,14.3
2026-07-07 11:36:37,1783420597.446,cam_capture_node,6080,4.5,84.7
2026-07-07 11:36:37,1783420597.446,data_collection,19951,9.4,374.9
2026-07-07 11:36:39,1783420599.461,roscore,5544,0.0,3.9
2026-07-07 11:36:39,1783420599.461,roscore,5624,0.0,3.7
2026-07-07 11:36:39,1783420599.461,roscore,5915,0.0,43.2
2026-07-07 11:36:39,1783420599.461,rs_t265,5985,0.5,43.8
2026-07-07 11:36:39,1783420599.461,rs_t265,5999,9.4,87.6
2026-07-07 11:36:39,1783420599.461,rs_t265,6000,0.0,14.3
2026-07-07 11:36:39,1783420599.461,cam_capture_node,6080,4.5,84.7
2026-07-07 11:36:39,1783420599.461,data_collection,19951,14.9,374.9
2026-07-07 11:36:41,1783420601.477,roscore,5544,0.0,3.9
2026-07-07 11:36:41,1783420601.477,roscore,5624,0.5,3.7
2026-07-07 11:36:41,1783420601.477,roscore,5915,0.5,43.2
2026-07-07 11:36:41,1783420601.477,rs_t265,5985,0.0,43.8
2026-07-07 11:36:41,1783420601.477,rs_t265,5999,8.9,87.6
2026-07-07 11:36:41,1783420601.477,rs_t265,6000,1.0,14.3
2026-07-07 11:36:41,1783420601.477,cam_capture_node,6080,4.4,84.7
2026-07-07 11:36:41,1783420601.477,data_collection,19951,13.8,374.9
2026-07-07 11:36:43,1783420603.511,roscore,5544,0.0,3.9
2026-07-07 11:36:43,1783420603.511,roscore,5624,0.0,3.7
2026-07-07 11:36:43,1783420603.511,roscore,5915,0.5,43.2
2026-07-07 11:36:43,1783420603.511,rs_t265,5985,0.5,43.8
2026-07-07 11:36:43,1783420603.511,rs_t265,5999,9.4,87.6
2026-07-07 11:36:43,1783420603.511,rs_t265,6000,0.0,14.3
2026-07-07 11:36:43,1783420603.511,cam_capture_node,6080,4.4,84.7
2026-07-07 11:36:43,1783420603.511,data_collection,19951,13.3,375.2
2026-07-07 11:36:45,1783420605.537,roscore,5544,0.0,3.9
2026-07-07 11:36:45,1783420605.537,roscore,5624,0.0,3.7
2026-07-07 11:36:45,1783420605.537,roscore,5915,0.0,43.2
2026-07-07 11:36:45,1783420605.537,rs_t265,5985,0.5,43.8
2026-07-07 11:36:45,1783420605.537,rs_t265,5999,7.4,87.6
2026-07-07 11:36:45,1783420605.537,rs_t265,6000,0.0,14.3
2026-07-07 11:36:45,1783420605.537,cam_capture_node,6080,2.0,84.7
2026-07-07 11:36:47,1783420607.565,roscore,5544,0.0,3.9
2026-07-07 11:36:47,1783420607.565,roscore,5624,0.0,3.7
2026-07-07 11:36:47,1783420607.565,roscore,5915,0.5,43.2
2026-07-07 11:36:47,1783420607.565,rs_t265,5985,0.5,43.8
2026-07-07 11:36:47,1783420607.565,rs_t265,5999,7.4,87.6
2026-07-07 11:36:47,1783420607.565,rs_t265,6000,0.0,14.3
2026-07-07 11:36:47,1783420607.565,cam_capture_node,6080,1.5,84.7
2026-07-07 11:36:49,1783420609.592,roscore,5544,0.0,3.9
2026-07-07 11:36:49,1783420609.592,roscore,5624,0.0,3.7
2026-07-07 11:36:49,1783420609.592,roscore,5915,0.0,43.2
2026-07-07 11:36:49,1783420609.592,rs_t265,5985,0.5,43.8
2026-07-07 11:36:49,1783420609.592,rs_t265,5999,6.9,87.6
2026-07-07 11:36:49,1783420609.592,rs_t265,6000,1.0,14.3
2026-07-07 11:36:49,1783420609.592,cam_capture_node,6080,1.0,84.7
2026-07-07 11:36:51,1783420611.619,roscore,5544,0.0,3.9
2026-07-07 11:36:51,1783420611.619,roscore,5624,0.5,3.7
2026-07-07 11:36:51,1783420611.619,roscore,5915,0.5,43.2
2026-07-07 11:36:51,1783420611.619,rs_t265,5985,0.0,43.8
2026-07-07 11:36:51,1783420611.619,rs_t265,5999,6.9,87.6
2026-07-07 11:36:51,1783420611.619,rs_t265,6000,0.0,14.3
2026-07-07 11:36:51,1783420611.619,cam_capture_node,6080,2.0,84.7
2026-07-07 11:36:53,1783420613.643,roscore,5544,0.0,3.9
2026-07-07 11:36:53,1783420613.643,roscore,5624,0.0,3.7
2026-07-07 11:36:53,1783420613.643,roscore,5915,0.0,43.2
2026-07-07 11:36:53,1783420613.643,rs_t265,5985,0.5,43.8
2026-07-07 11:36:53,1783420613.643,rs_t265,5999,8.4,87.6
2026-07-07 11:36:53,1783420613.643,rs_t265,6000,0.0,14.3
2026-07-07 11:36:53,1783420613.643,cam_capture_node,6080,1.5,84.7
2026-07-07 11:36:55,1783420615.671,roscore,5544,0.0,3.9
2026-07-07 11:36:55,1783420615.671,roscore,5624,0.5,3.7
2026-07-07 11:36:55,1783420615.671,roscore,5915,0.5,43.2
2026-07-07 11:36:55,1783420615.671,rs_t265,5985,0.0,43.8
2026-07-07 11:36:55,1783420615.671,rs_t265,5999,6.9,87.6
2026-07-07 11:36:55,1783420615.671,rs_t265,6000,0.5,14.3
2026-07-07 11:36:55,1783420615.671,cam_capture_node,6080,1.5,84.7
2026-07-07 11:36:57,1783420617.691,roscore,5544,0.0,3.9
2026-07-07 11:36:57,1783420617.691,roscore,5624,0.0,3.7
2026-07-07 11:36:57,1783420617.691,roscore,5915,0.0,43.2
2026-07-07 11:36:57,1783420617.691,rs_t265,5985,0.5,43.8
2026-07-07 11:36:57,1783420617.691,rs_t265,5999,7.9,87.6
2026-07-07 11:36:57,1783420617.691,rs_t265,6000,0.0,14.3
2026-07-07 11:36:57,1783420617.691,cam_capture_node,6080,2.5,84.7
2026-07-07 11:36:59,1783420619.719,roscore,5544,0.0,3.9
2026-07-07 11:36:59,1783420619.719,roscore,5624,0.0,3.7
2026-07-07 11:36:59,1783420619.719,roscore,5915,0.5,43.2
2026-07-07 11:36:59,1783420619.719,rs_t265,5985,0.5,43.8
2026-07-07 11:36:59,1783420619.719,rs_t265,5999,6.9,87.6
2026-07-07 11:36:59,1783420619.719,rs_t265,6000,1.0,14.3
2026-07-07 11:36:59,1783420619.719,cam_capture_node,6080,1.5,84.7
2026-07-07 11:37:01,1783420621.761,roscore,5544,0.0,3.9
2026-07-07 11:37:01,1783420621.761,roscore,5624,0.0,3.7
2026-07-07 11:37:01,1783420621.761,roscore,5915,0.5,43.2
2026-07-07 11:37:01,1783420621.761,rs_t265,5985,0.0,43.8
2026-07-07 11:37:01,1783420621.761,rs_t265,5999,7.9,87.6
2026-07-07 11:37:01,1783420621.761,rs_t265,6000,0.0,14.3
2026-07-07 11:37:01,1783420621.761,cam_capture_node,6080,2.5,84.7
2026-07-07 11:37:03,1783420623.787,roscore,5544,0.0,3.9
2026-07-07 11:37:03,1783420623.787,roscore,5624,0.0,3.7
2026-07-07 11:37:03,1783420623.787,roscore,5915,0.5,43.2
2026-07-07 11:37:03,1783420623.787,rs_t265,5985,1.0,43.8
2026-07-07 11:37:03,1783420623.787,rs_t265,5999,8.8,87.6
2026-07-07 11:37:03,1783420623.787,rs_t265,6000,0.0,14.3
2026-07-07 11:37:03,1783420623.787,cam_capture_node,6080,1.5,84.7
2026-07-07 11:37:05,1783420625.830,roscore,5544,0.0,3.9
2026-07-07 11:37:05,1783420625.830,roscore,5624,0.0,3.7
2026-07-07 11:37:05,1783420625.830,roscore,5915,0.5,43.2
2026-07-07 11:37:05,1783420625.830,rs_t265,5985,0.0,43.8
2026-07-07 11:37:05,1783420625.830,rs_t265,5999,8.4,87.6
2026-07-07 11:37:05,1783420625.830,rs_t265,6000,0.5,14.3
2026-07-07 11:37:05,1783420625.830,cam_capture_node,6080,2.0,84.7
2026-07-07 11:37:07,1783420627.843,roscore,5544,0.0,3.9
2026-07-07 11:37:07,1783420627.843,roscore,5624,0.0,3.7
2026-07-07 11:37:07,1783420627.843,roscore,5915,0.0,43.2
2026-07-07 11:37:07,1783420627.843,rs_t265,5985,0.5,43.8
2026-07-07 11:37:07,1783420627.843,rs_t265,5999,7.9,87.6
2026-07-07 11:37:07,1783420627.843,rs_t265,6000,0.5,14.3
2026-07-07 11:37:07,1783420627.843,cam_capture_node,6080,2.5,84.7
2026-07-07 11:37:09,1783420629.880,roscore,5544,0.0,3.9
2026-07-07 11:37:09,1783420629.880,roscore,5624,0.5,3.7
2026-07-07 11:37:09,1783420629.880,roscore,5915,0.5,43.2
2026-07-07 11:37:09,1783420629.880,rs_t265,5985,0.0,43.8
2026-07-07 11:37:09,1783420629.880,rs_t265,5999,7.4,87.6
2026-07-07 11:37:09,1783420629.880,rs_t265,6000,0.0,14.3
2026-07-07 11:37:09,1783420629.880,cam_capture_node,6080,2.0,84.7
2026-07-07 11:37:11,1783420631.908,roscore,5544,0.0,3.9
2026-07-07 11:37:11,1783420631.908,roscore,5624,0.5,3.7
2026-07-07 11:37:11,1783420631.908,roscore,5915,0.0,43.2
2026-07-07 11:37:11,1783420631.908,rs_t265,5985,0.5,43.8
2026-07-07 11:37:11,1783420631.908,rs_t265,5999,8.4,87.6
2026-07-07 11:37:11,1783420631.908,rs_t265,6000,0.5,14.3
2026-07-07 11:37:11,1783420631.908,cam_capture_node,6080,2.0,84.7
2026-07-07 11:37:13,1783420633.936,roscore,5544,0.0,3.9
2026-07-07 11:37:13,1783420633.936,roscore,5624,0.0,3.7
2026-07-07 11:37:13,1783420633.936,roscore,5915,0.5,43.2
2026-07-07 11:37:13,1783420633.936,rs_t265,5985,0.5,43.8
2026-07-07 11:37:13,1783420633.936,rs_t265,5999,7.4,87.6
2026-07-07 11:37:13,1783420633.936,rs_t265,6000,0.5,14.3
2026-07-07 11:37:13,1783420633.936,cam_capture_node,6080,1.5,84.7
2026-07-07 11:37:15,1783420635.963,roscore,5544,0.0,3.9
2026-07-07 11:37:15,1783420635.963,roscore,5624,0.0,3.7
2026-07-07 11:37:15,1783420635.963,roscore,5915,0.0,43.2
2026-07-07 11:37:15,1783420635.963,rs_t265,5985,0.5,43.8
2026-07-07 11:37:15,1783420635.963,rs_t265,5999,6.9,87.6
2026-07-07 11:37:15,1783420635.963,rs_t265,6000,0.0,14.3
2026-07-07 11:37:15,1783420635.963,cam_capture_node,6080,2.5,84.7
2026-07-07 11:37:17,1783420637.988,roscore,5544,0.0,3.9
2026-07-07 11:37:17,1783420637.988,roscore,5624,0.0,3.7
2026-07-07 11:37:17,1783420637.988,roscore,5915,1.0,43.2
2026-07-07 11:37:17,1783420637.988,rs_t265,5985,0.5,43.8
2026-07-07 11:37:17,1783420637.988,rs_t265,5999,7.9,87.6
2026-07-07 11:37:17,1783420637.988,rs_t265,6000,0.5,14.3
2026-07-07 11:37:17,1783420637.988,cam_capture_node,6080,1.5,84.7
2026-07-07 11:37:20,1783420640.011,roscore,5544,0.0,3.9
2026-07-07 11:37:20,1783420640.011,roscore,5624,0.5,3.7
2026-07-07 11:37:20,1783420640.011,roscore,5915,0.0,43.2
2026-07-07 11:37:20,1783420640.011,rs_t265,5985,0.0,43.8
2026-07-07 11:37:20,1783420640.011,rs_t265,5999,6.5,87.6
2026-07-07 11:37:20,1783420640.011,rs_t265,6000,0.5,14.3
2026-07-07 11:37:20,1783420640.011,cam_capture_node,6080,2.0,84.7
2026-07-07 11:37:22,1783420642.022,roscore,5544,0.0,3.9
2026-07-07 11:37:22,1783420642.022,roscore,5624,0.0,3.7
2026-07-07 11:37:22,1783420642.022,roscore,5915,0.0,43.2
2026-07-07 11:37:22,1783420642.022,rs_t265,5985,0.0,43.8
2026-07-07 11:37:22,1783420642.022,rs_t265,5999,3.5,87.6
2026-07-07 11:37:22,1783420642.022,rs_t265,6000,0.0,14.3
2026-07-07 11:37:22,1783420642.022,cam_capture_node,6080,0.5,84.7
2026-07-07 11:37:24,1783420644.033,roscore,5544,0.0,3.9
2026-07-07 11:37:24,1783420644.033,roscore,5624,0.0,3.7
2026-07-07 11:37:24,1783420644.033,roscore,5915,0.5,43.2
2026-07-07 11:37:24,1783420644.033,rs_t265,5985,0.5,43.8
2026-07-07 11:37:24,1783420644.033,rs_t265,5999,3.5,87.6
2026-07-07 11:37:24,1783420644.033,rs_t265,6000,0.5,14.3
2026-07-07 11:37:24,1783420644.033,cam_capture_node,6080,0.5,84.7
2026-07-07 11:37:24,1783420644.033,episode_worker,21124,99.0,602.2
2026-07-07 11:37:26,1783420646.043,roscore,5544,0.0,3.9
2026-07-07 11:37:26,1783420646.043,roscore,5624,0.0,3.7
2026-07-07 11:37:26,1783420646.043,roscore,5915,0.0,43.2
2026-07-07 11:37:26,1783420646.043,rs_t265,5985,0.0,43.8
2026-07-07 11:37:26,1783420646.043,rs_t265,5999,3.5,87.6
2026-07-07 11:37:26,1783420646.043,rs_t265,6000,0.0,14.3
2026-07-07 11:37:26,1783420646.043,cam_capture_node,6080,1.0,84.7
2026-07-07 11:37:26,1783420646.043,episode_worker,21124,98.9,894.9
2026-07-07 11:37:28,1783420648.055,roscore,5544,0.0,3.9
2026-07-07 11:37:28,1783420648.055,roscore,5624,0.0,3.7
2026-07-07 11:37:28,1783420648.055,roscore,5915,0.0,43.2
2026-07-07 11:37:28,1783420648.055,rs_t265,5985,0.0,43.8
2026-07-07 11:37:28,1783420648.055,rs_t265,5999,3.5,87.6
2026-07-07 11:37:28,1783420648.055,rs_t265,6000,0.0,14.3
2026-07-07 11:37:28,1783420648.055,cam_capture_node,6080,0.5,84.7
2026-07-07 11:37:28,1783420648.055,episode_worker,21124,99.5,300.5
2026-07-07 11:37:30,1783420650.065,roscore,5544,0.0,3.9
2026-07-07 11:37:30,1783420650.065,roscore,5624,0.0,3.7
2026-07-07 11:37:30,1783420650.065,roscore,5915,0.5,43.2
2026-07-07 11:37:30,1783420650.065,rs_t265,5985,0.5,43.8
2026-07-07 11:37:30,1783420650.065,rs_t265,5999,5.4,87.6
2026-07-07 11:37:30,1783420650.065,rs_t265,6000,0.0,14.3
2026-07-07 11:37:30,1783420650.065,cam_capture_node,6080,1.5,84.7
2026-07-07 11:37:32,1783420652.096,roscore,5544,0.0,3.9
2026-07-07 11:37:32,1783420652.096,roscore,5624,0.0,3.7
2026-07-07 11:37:32,1783420652.096,roscore,5915,0.0,43.2
2026-07-07 11:37:32,1783420652.096,rs_t265,5985,0.0,43.8
2026-07-07 11:37:32,1783420652.096,rs_t265,5999,8.4,87.6
2026-07-07 11:37:32,1783420652.096,rs_t265,6000,1.0,14.3
2026-07-07 11:37:32,1783420652.096,cam_capture_node,6080,2.0,84.7
2026-07-07 11:37:34,1783420654.123,roscore,5544,0.0,3.9
2026-07-07 11:37:34,1783420654.123,roscore,5624,0.0,3.7
2026-07-07 11:37:34,1783420654.123,roscore,5915,0.5,43.2
2026-07-07 11:37:34,1783420654.123,rs_t265,5985,0.5,43.8
2026-07-07 11:37:34,1783420654.123,rs_t265,5999,7.9,87.6
2026-07-07 11:37:34,1783420654.123,rs_t265,6000,0.0,14.3
2026-07-07 11:37:34,1783420654.123,cam_capture_node,6080,2.0,84.7
2026-07-07 11:37:36,1783420656.154,roscore,5544,0.0,3.9
2026-07-07 11:37:36,1783420656.154,roscore,5624,0.0,3.7
2026-07-07 11:37:36,1783420656.154,roscore,5915,0.5,43.2
2026-07-07 11:37:36,1783420656.154,rs_t265,5985,0.0,43.8
2026-07-07 11:37:36,1783420656.154,rs_t265,5999,7.4,87.6
2026-07-07 11:37:36,1783420656.154,rs_t265,6000,0.5,14.3
2026-07-07 11:37:36,1783420656.154,cam_capture_node,6080,2.0,84.7
